name,id,sis_id,section,section_id,section_sis_id,submitted,attempt,9027098: The following statement is NOT true of a bipartite graph:,1.0,9026090: The off-diagonal cells of the _____________________ matrix tell us the number of groups that person i and person j have in common.,1.0,9027096: A _____________________ graph is a graph with two disjoint sets of nodes in which nodes link only to nodes in the other set but not with nodes in their own set,1.0,9026086: The _____________________ cells of the co-membership matrix tell us the number of groups each person belongs to.,1.0,"9026956: In a(n) _____________________ matrix with people as the row objects and groups as the column objects, the column sums give us the number of people in each group.",1.0,9026091: The following is an example of an affiliation network:,1.0,9027099: The diagonal cells of the _____________________ matrix tell us the number of groups each person belongs to.,1.0,9026066: Consider an affiliation matrix (A) with people as the row objects and groups as the column objects. Multiplying the transpose of the original AT times the original (A) returns a square matrix with groups in both the rows and columns called the _____________________ matrix.,1.0,9026113: The affiliation matrix records the _____________________ relations between vertices in a bipartite graph.,1.0,9028094: The following is NOT an example of an affiliation network:,1.0,9024071: Granovetter’s weak tie principle states that your weak tie contacts don’t necessarily have to be connected to your _____________________ tie contacts.,1.0,9026092: The following is NOT a property of strong ties,1.0,9024073: Rule 1 of _____________________ says that  if two people are strongly connected they are likely to have many other friends in common,1.0,"9024111: Rule 2 of Granovetter-transitivity says that if A and B have a strong tie, and B and C have a _____________________ tie there should be at least a weak tie between A and C",1.0,9023952: Granovetter-transitivity is _____________________ likely to apply to strong ties in your support clique and sympathy group as it is to other layers of your network.,1.0,9011620: This discipline is part of the interdisciplinary field called Social Network Analysis:,1.0,9011621: Which of the following is not a type of network:,1.0,9011619: Social Network analysis is an interdisciplinary field that includes the following disciplines except:,1.0,9011622: Which of the following is not a type of social network:,1.0,"9014731: In a graph, vertices typically represent _____________________ in the social network",1.0,"9023909: In a directed graph, the cardinality of the set of in-neighbors of a node is that node's ______________",1.0,"9024078: In a directed graph, another name for a non-reciprocal dyad, one that features directed edges going in only one direction, is:",1.0,"9023917: In a directed graph, another name for a reciprocal dyad, one that features directed edges going in both directions, is:",1.0,"9024112: In a graph, a subgraph is a _____________________ of either vertices or edges of the original graph",1.0,"9024093: In a graph, the neighborhood of an isolated node is:",1.0,9023910: A graph is a set with two sets as members. One of these sets has _____________________ as its members. The other set has vertices.,1.0,"9023957: In an undirected graph, a node's ________________ is the cardinality of their neighborhood set",1.0,"9024074: In a directed graph, the cardinality of the set of out-neighbors of a node is that node's ______________",1.0,"9024076: 
In a graph, the total number of neighbors of two nodes is given by the cardinality of the set formed by their respective neighborhood's:
",1.0,"9023904: If we delete all the edges in a graph, we end up with the ________________ graph.",1.0,9023915: Pairs of vertices are _____________________ if there is not a link joining them in the graph.,1.0,"9023908: In a graph, an edge is ___________________ to a node if that node lies at one of its endpoints.",1.0,"9023913: In a graph, the neighborhood of a vertex is the set of all other vertices that are _____________________ to it.",1.0,"9023916: In a directed graph, ____________ nodes are destination nodes for links but are never sources",1.0,9023914: Pairs of vertices are _____________________ if there is a link joining them in the graph.,1.0,9023966: The diameter of a graph is the ____________________ geodesic distance for all the nodes in the graph.,1.0,9023965: The ______________________ of a node is the maximum distance between that node and the other nodes in the graph,1.0,"9023927: 
In a _______________ connected directed graph, each pair of nodes is connected via at least a semipath.
",1.0,"9023924: In a directed graph, if we trace an indirect connection between two non-adjacent while ignoring the direction of the arrows, we are connecting the two nodes via a ______________",1.0,9023923: Tree graphs can be defined as directed graphs without any _____________________.,1.0,9023919: In a graph a node (B) can reach another node (C) via a path of length three. This path includes node D. This means that C is the _____________________ node.,1.0,"9024082: In a graph, even though node A is not adjacent to node B, it can still get to node B indirectly. The length of the shortest path between A and B is called the __________________ between them",1.0,9023963: A directed graph is ___________________ connected if every pair of nodes in the graph can mutually reach one another.,1.0,9024113: A _____________________ is a path of at least length 3 that begins and ends with the same node.,1.0,9023964: A directed graph is ___________________ connected if every pair of nodes in the graph can only reach one another via paths that ignore the direction the edge arrows are pointing to.,1.0,"9023967: Two people are members of the same club. In terms of social network connectivity, this is an example of a(n) _________________.",1.0,9023935: The following is an example of a symmetric relation:,1.0,9023971: Directed graphs are best suited to represent _____________________ relations,1.0,9023973: Being in the same class as someone else is an example of a(n)_____________________ tie.,1.0,9023970: Role Relations can be either ______________ or ______________ but can’t be ___________________.,1.0,"9023929: A person gossips about someone else all the time. In terms of social network connectivity, this is an example of a(n) _________________.",1.0,9023932: Undirected graphs are best suited to represent _____________________ relations,1.0,9023969: Social ties based on similarity are necessarily:,1.0,9026040: Being someone's commanding officer in a U.S. Navy aircraft carrier is an example of a(n)_____________________ tie.,1.0,"9023937: Role relations based on cross-generational ties (e.g., being someone's parent or daughter) or based on authority and hierarchy (being someone's boss or commanding officer) are by necessity:",1.0,"9023896: According to Dunbar, your _____________________ is the second smallest of your ego network layers, featuring kin and good friends that can provide some services and you interact with often.",1.0,"9024070: According to Dunbar, in primates, the size of the _____________ relative to the rest of the brain scales linearly with __________ size",1.0,"9029310: According to Dunbar, your affinity group features more casual but still close friends, and other extended family. It tops out at about:",1.0,"9023894: According to Dunbar, your _____________________ is the largest of your ego network layers, containing the total number of people you can recognize by seeing their face and interact with at least once a year",1.0,"9026072: According to Dunbar, your active network contains the total number of people you can recognize by seeing their face and interact with at least once a year. It tops out at about:",1.0,9024119: A graph is by definition disconnected when it has _____________________ .,1.0,9024117: A graph is _____________________ if there exists a (finite) path between each pair of nodes,1.0,9026041: A graph is disconnected if there does not exist a (finite) _____________________ between each pair of nodes,1.0,"9026049: In a graph, the connected subgraph containing the largest number of _____________________ is called the giant component",1.0,"9026073: In a graph, the _____________________ subgraph containing the largest number of vertices is called the giant component",1.0,9028092: The ____________________ centrality is a version of closeness centrality that can be used in weakly connected graphs.,1.0,"9026120: 
In an undirected graph, the degree centrality of each node can be obtained by computing the ___________________ of the corresponding symmetric adjacency matrix
",1.0,"9027102: If N is the order (number of nodes) of the star graph, the sum of differences between the maximum degree and the degrees of each node is always equal to:",1.0,"9028096: In a directed graph, the outdegree centrality of each node can be obtained by summing ____________________ of the corresponding asymmetric adjacency matrix",1.0,"9028088: In a directed graph, the indegree centrality of each node can be obtained by summing ___________________ of the corresponding asymmetric adjacency matrix",1.0,"9028204: In this measure of centrality, nodes are more central if they send lots of ties to other nodes:",1.0,"9028205: In an undirected graph, the degree centrality of each node can be computed by summing across _____________________ of the corresponding symmetric adjancency matrix",1.0,9028095: A centrality metric is a summary index that represents the position of a node within a network. They are built from sums or averages of the following graph elements:,1.0,"9026119: In a directed graph, the ________________ centrality of each node can be obtained by computing the row sums of the corresponding asymmetric adjacency matrix",1.0,"9026115: In this measure of centrality, nodes are central if they mediate among others who are not directly connected:",1.0,9026069: The off-diagonal cells of the _____________________ matrix tell us the number of members that group i and group j have in common.,1.0,"9026084: 
If you multiply an Am x nmatrix ✕ a Bq x pmatrix, the resulting matrix C will be of dimensions:
",1.0,"9026957: In an affiliation matrix with people as the row objects and groups as the column objects, the _____________________ sums give us the number of people in each group.",1.0,9026110: The _____________________ cells of the co-membership matrix tell us the number of groups that person i and person j have in common.,1.0,"9026085: 

If we multiply an Am x n affiliation matrix times its transpose AT n x mthe resulting co-membership matrix C will be of dimensions:






         
         
         
         
          correct_answer"" title=""m x p. This was the correct answer."" aria-describedby=""answer_6553_arrow"">

",1.0,9026065: Consider an affiliation matrix (A) with people as the row objects and groups as the column objects. Multiplying the transpose of the original AT times the original A returns a square matrix with _____________________ in both the rows and columns.,1.0,"9023954: In your network, some ties are new (friends you've made recently) and some ties are old (family and childhood friends). This refers to the tie property of:",1.0,"9024092: According to Granovetter, your _____________________ tie contacts don’t necessarily have to be connected to your strong tie contacts.",1.0,"9026051: When people involved in standalone dyads (e.g., a married couple) reach a breaking point due to unresolvable differences, one solution is to make them a “temporary” _____________________ tie by embedding them in a relationship with a third party (e.g., mediation, arbitration, counseling).",1.0,"9023898: Because _____________________ ties function as bridges to parts of a social structure to which you wouldn’t otherwise have access, having lots of them counts as social capital whenever it is important to have access to novel information.",1.0,9023901: Rule 1 of Granovetter-transitivity says that  if two people are _____________________ connected they are likely to have a lot of other friends in common,1.0,9023585: Network Science is an interdisciplinary field that includes all the sciences studying networks. Which of the following is not included in Network Science:,1.0,"9024064: In a point and line plot representation of a social network, the lines do not represent _____________________",1.0,"9023960: In a directed graph, each edge has a _________________ node and a _____________ node.",1.0,9024075: In a graph the ____________________ of a vertex is the set of all other vertices that are adjacent to it.,1.0,"9023956: In a graph, two nodes are ______________________ if there is a link that is incident to both of them.",1.0,9023912: If we create a subgraph from an original graph by removing ___________________ the resulting subgraph is called a(n) ______________ subgraph of the original graph.,1.0,9023958: A graph is a set with two sets as members. One of these sets has _____________________ as its members. The other set has edges.,1.0,9023911: A graph is an abstract mathematical object consisting of a _____________________ set and an edge set,1.0,"9023959: In graph theory, there are three (3) types of ties. The following is not one of them:",1.0,"9024077: In an undirected graph, a vertex is _____________________ if it has no connections to any other vertices.",1.0,9024081: The _____________________ of a path is given by the number of edges included in it.,1.0,9023920: In a graph a node (B) can reach another node (C) via a path of length three. This path includes node D. This means that D is the _____________________ node.,1.0,"9024095: 
The graph diameter is the ______________ of the longest shortest path in the graph.
",1.0,9023936: The following is an example of an asymmetric relation:,1.0,"9023968: A person helps someone else with their 111 homework. In terms of social network connectivity, this is an example of a(n) _________________.",1.0,"9023934: Kylie Jenner is Stormi Webster’s mother. Travis Scott is Stormi Webster’s father. As described by network theorists, these two (2) ties are both examples of _____________________ ties.",1.0,9026047: Texting someone is an example of a(n)_____________________ tie.,1.0,"9023931: 
Social ties based on interactions are necessarily:
",1.0,"9023928: A person constantly slides into someone's DMs. In terms of social network connectivity, this is an example of a(n) _________________.",1.0,"9024084: Using cellphone geolocation data, researchers find that two people are always at the same coffee shop every day at 9:00 am. In terms of social network connectivity, this is an example of a(n) _________________.",1.0,"9023893: According to Dunbar your _____________________ is the smallest of your ego network layers, featuring your most intimate kin and the best friends you can rely on in crises and emergencies.",1.0,"9023949: According to Dunbar, your support clique is the most intimate of your ego network layers, featuring kin and best friends you can rely on for crises and emergencies. It tops out at about:",1.0,9024116: A graph is _____________________ if there does not exist a (finite) path between each pair of nodes,1.0,"9027101: 

The closeness centrality of a node can be computed by dividing the number of nodes in the graph minus one by the row sums of the ___________________ matrix

",1.0,"9026124: If N is the order (number of nodes) of a star graph, then the central node always has degree centrality equal to:",1.0,"9026962: In this measure of centrality, nodes are more central if they receive lots of ties from other nodes:",1.0,9026123: The node that stands in the highest proportion of shortest paths connecting every other pair of nodes in the graph has the highest ____________________ centrality,1.0,"9026118: In a directed graph, the ________________ centrality of each node can be obtained by computing the column sums of the corresponding asymmetric adjacency matrix




",1.0,"9028091: In a star graph, the central node has the highest",1.0,"9026964: 
The __________________ centrality of a node can be computed by dividing the number of nodes in the graph minus one by the row sums of the geodesic distance matrix
",1.0,9026116: The version of centrality built by adding the number of edges that are directly incident upon that node is called:,1.0,9028203: If we multiply the transpose of an affiliation matrix ATn x m by the original affiliation matrix Am x n the resulting group overlap matrix O will be of dimensions:,1.0,9026107: Consider an affiliation matrix (A) with people as the row objects and groups as the column objects. Multiplying A times its transpose AT returns a square matrix with _____________________ in both the rows and columns called the co-membership matrix.,1.0,9026088: The diagonal cells of the _____________________ matrix tell us the number of members in each group.,1.0,9026111: The _____________________ cells of the group overlap matrix tell us the number of members that group i and group j have in common.,1.0,"9024072: In your network, there are people that you would tell even a very personal secret or seek advice with a problem.	 This refers to the tie property of:",1.0,9024110: Granovetter-transitivity is more likely to apply to _____________________ ties in your support clique and sympathy group,1.0,"9023899: Because weak ties function as bridges to parts of a social structure to which you wouldn’t otherwise have access, having weak ties counts as social capital whenever it is important to have access to _____________________ information.",1.0,9014732: Social network analysis has two (2) facets. One (1) is called Social Network _____________________ and the other is called Social Network Measurement.,1.0,9014733: Which of the following is both a social and a technological network:,1.0,"9023584: In a point and line plot representation of a social network, the points are supposed to be _____________________",1.0,9014734: Which of the following is not a type of technological network:,1.0,"9023962: In a directed graph, _______________ nodes are both sources and destinations",1.0,9024094: A graph is an abstract mathematical object consisting of a vertex set and _____________________ set,1.0,"9023905: In a directed graph, another name for a disconnected dyad, one that does not have an edge linking the two nodes, is:



         
         
         
         
          "" title=""Mutual."">

",1.0,"9023903: Two people meet at a party and find they both know a third person. In graph theory, this third person is called their:",1.0,9023906: __________________ are vertices with no incoming or outgoing links in a directed graph.,1.0,"9023961: In a directed graph, ____________ nodes are source nodes for links but are never destinations",1.0,"9023926: In a weakly connected directed graph, each pair of nodes is connected via at least a ______________________",1.0,9024079: In a graph a node (B) can reach another node (C) via a path of length three. This path includes node D. This means that B is the _____________________ node.,1.0,"9023925: In a directed graph is we draw a path that begins and ends with the same node but ignore the direction of the arrows, this is called a ___________________",1.0,"9023922: In a directed graph, node A can reach node B via a directed path. Node B in turn can also reach node A via a directed path, in this case we say that A and B are ______________________ reachable",1.0,"9024080: Marjorie is looking for a job in the advertising field. She has a cousin, Taylor, whose hairdresser, Scott, is good friends with the owner of an advertising firm. In network terms, we would say that Marjorie can reach the owner of the advertising via a path of length:",1.0,9023933: Giving advice to someone is an example of a(n) _____________________ tie.,1.0,"9024096: On Twitter, you can ""follow"" someone even if they don't follow you back. That means that Twitter ""follower"" ties are by necessity:",1.0,9026071: Being someone's sibling is an example of a ___________________ role relation.,1.0,"9024086: Ties with others based on similarities (being in the same club, being the same race as, living in the same neighborhood) are by necessity:",1.0,"9024083: Two people share the same racial/ethnic category. In terms of social network connectivity, this is an example of a(n) _________________.",1.0,"9024097: Ties with others based on similarities (being in the same club, being the same race as, living in the same neighborhood) are by necessity:",1.0,9023897: According to Dunbar different relationships entail different costs. The following is not one of them:,1.0,9024120: If a graph has more than one _____________________ it is by definition disconnected,1.0,"9026042: In a graph, the connected _____________________ containing the largest number of vertices is called the giant component",1.0,9026121: The degree centrality of a node is given by the number of _________________ incident to a node,1.0,"9028089: In this measure of centrality, nodes are central if they are directly connected to a large number of other nodes:",1.0,9026122: A node that can reach all the other nodes in the graph via the shortest paths (on average) has the largest ________________ centrality,1.0,"9026117: 
The version of centrality built by summing up the length of the shortest paths (smaller is better) having that node as one of their ends is called:
",1.0,"9026963: 
The degree centrality of a node is given by the number of _________________ adjacent to a node
",1.0,"9028090: 

The version of centrality built by computing the proportion of shortest paths that have that node as one of their inner nodes is called:

",1.0,9027100: The closest the graph centralization is to 1.0 the closer the observed graph is to the ___________________ graph,1.0,"9026109: In an affiliation matrix with people as the row objects and groups as the column objects, the _____________________ sum(s) give us the number of groups that people belong to.",1.0,9028102: Affiliation networks are best represented using _____________________ graphs.,1.0,9026087: The _____________________ matrix records the adjacency relations between vertices in a bipartite graph.,1.0,"9026108: In an _____________________ matrix with people as the row objects and groups as the column objects, the row sums give us the number of groups that people belong to.",1.0,9026089: The matrix operation that produces a new matrix by switching around the number of rows and the number of columns of the original matrix is called _____________________,1.0,"9026045: Granovetter-transitivity violations (i.e., someone being connected to you who does not know your close friends and family) are more likely to exist among the weak ties of your _____________________",1.0,"9028106: Rule 2 of _____________________ says that if A and B have a strong tie, and B and C have a strong tie there should be at least a weak tie between A and C",1.0,"9023953: Granovetter-transitivity violations (i.e., someone being connected to you who does not know your close friends and family) are more likely to exist among the _____________________ ties of your active network",1.0,9023586: Social network analysis has two (2) facets. One (1) is called Social Network _____________________ and the other is called Social Network Theory.,1.0,"9024115: Ties featuring directed exchanges (giving someone a gift, sending a letter, sharing information with someone) are by necessity:",1.0,"9023930: You find that you have a long-lost cousin. In terms of social network connectivity, this is an example of a(n) _________________.",1.0,"9023950: According to Dunbar, your sympathy group features  kin and good friends that can provide some services and you interact with often. It tops out at about:",1.0,"9026043: In a graph, the connected subgraph containing the largest number of vertices is called the _____________________",1.0,9024118: A graph is connected if there exists a (finite) _____________________ between each pair of nodes,1.0,"9026961: In this measure of centrality, nodes are central if they can reach a large number of others via the shortest paths in the network:",1.0,9026083: Consider an affiliation matrix (A) with people as the row objects and groups as the column objects. Multiplying A times its transpose AT returns a square matrix with people in both the rows and columns called the _____________________ matrix.,1.0,"9026959: In a bipartite graph, the sum of degrees of either node set is equal to _______________________ in the graph.",1.0,9026067: A bipartite graph has:,1.0,9027097: A bipartite graph is a graph with two _____________________ sets of nodes in which nodes link only to nodes in the other set but not with nodes in their own set,1.0,"9023900: In your network, there are people that you communicate with almost every day. This refers to the tie property of:",1.0,9024091: Granovetter’s _____________________ states that your weak tie contacts don’t necessarily have to be connected to your strong tie contacts.,1.0,"9023902: Rule 2 of Granovetter-transitivity says that if A and B have a strong tie, and B and C have a strong tie there should be at least a _____________________ tie between A and C",1.0,"9011618: A _____________________ network is a set of people (or groups of people) linked by social relations of exchange, advice, friendship, enmity, etc.",1.0,"9023907: In a graph, the number of common neighbors of two nodes is given by their respective neighborhood's:",1.0,9023918: A directed graph is ___________________ connected ifevery pair of nodes in the graph is indirectly connected via at least a path that goes in one direction.,1.0,9023921: The graph ____________________ is the length of the longest shortest path in the graph.,1.0,"9024114: A person is someone else's boss. In terms of social network connectivity, this is an example of a(n) _________________.",1.0,"9023895: According to Dunbar, your _____________________ is the third largest of your ego network layers, containing more casual but still close friends and extended family",1.0,9026052: A _____________________ subgraph of a larger disconnected graph is called a component,1.0,"9026960: According to Granovetter, this is a property of a strong tie:",1.0,9020155: Network Science is an interdisciplinary field that includes all the sciences studying networks. Which of the following is not included in Network Science:,1.0,9024085: The following is an example of an antisymmetric relation:,1.0,9026048: If a graph has more than one component it is by definition _____________________,1.0,"9026965: 

The harmonic centrality is a version of closeness centrality that can be used in ___________________________ graphs.

",1.0,"9026958: Affiliation networks are best represented using ________________ graphs.




",1.0,9026112: The _____________________ cells of the group overlap matrix tell us the number of members in each group.,1.0,"9026070: According to Granovetter, _____________________ ties can function as bridges to parts of a social structure to which you wouldn’t otherwise have access",1.0,9026068: In general you can multiply any Am x n matrix ✕ any Bq x p matrix as long as:,1.0,"9023951: According to Granovetter, the tie property of _____________________ is a ""combination of the amount of time, the emotional intensity, [and] the the intimacy...which characterize a tie""",1.0,9020154: In network analysis another term for edge is:,1.0,9028291: Rule 1 of Granovetter-transitivity says that  if two people are strongly connected they are likely to have _____________________ other friends in common,1.0,"9023972: In Facebook, you can only be ""friends"" with someone if they also friend you back. That means that Facebook ""friend"" ties are by necessity:",1.0,9023955: Weak ties can function as _____________________ to parts of a social structure to which you wouldn’t otherwise have access,1.0,"9026114: Rule 2 of Granovetter-transitivity says that if A and B have a strong tie, and B and C have a strong tie there should be at least a weak tie between _____________________",1.0,"9023948: According to Dunbar, your affinity group features kin and good friends that can provide some services and you interact with often. It tops out at about:",1.0,n correct,n incorrect,score
"ULLOA, JAELYN",133916,806285899,25S-SOCIOL-111-LAB-1D,212558,25S-SOCIOL-0111-001D,2025-05-02 06:57:01 UTC,1,it has two sum of degrees,1.0,group overlap,0.0,bipartite,1.0,diagonal,1.0,affiliation,1.0,People on a social media website and the other accounts they follow,0.0,co-membership,1.0,group overlap,1.0,adjacency,1.0,CEOs and the board of directors they serve in,0.0,strong,1.0,Density,1.0,Granovetter-transitivity,1.0,strong,1.0,more,1.0,Communication,1.0,Astrological,1.0,Physics,1.0,The brain,1.0,Actors,1.0,Indegree,1.0,Asymmetric,1.0,Mutual,1.0,Subset,1.0,The empty set,1.0,Edges,1.0,Degree,1.0,outdegree,1.0,Intersection,0.0,empty,1.0,Nonadjacent,1.0,Adjacent,0.0,Adjacent,1.0,Receiver,1.0,Adjacent,1.0,maximum,1.0,eccentricity,1.0,strongly,0.0,semitpath,1.0,cycles,1.0,Endpoint,0.0,Geodesic Distance,1.0,strongly,1.0,Cycle,1.0,weakly,1.0,Similarity,1.0,Being in the same class,1.0,Antisymmetric,0.0,Symmetric,1.0,"Asymmetric, symmetric, antisymmetric",0.0,Interaction,1.0,Symmetric,1.0,Symmetric,1.0,Antisymmetric,1.0,Antisymmetric,1.0,Sympathy group,1.0,neocortex; group,0.0,45 - 50 people,1.0,Active network,1.0,120-150 people,1.0,only one component,0.0,connected,1.0,edge,0.0,vertices,1.0,connected,1.0,Harmonic,1.0,row or column sums,1.0,N(N-1)/2,0.0,the rows not the columns,1.0,the columns not the rows,1.0,Outdegree centrality,1.0,either rows or columns,1.0,All of the other answers are correct,1.0,Outdegree,1.0,Betweenness centrality,1.0,"","","","","","","","","","","","","","","","","","","","","","","","","","","","","","","","","","","","","","","","","","","","","","","","","","","","","","","","","","","","","","","","","","","","","","","","","","","","","","","","","","","","","","","","","","","","","","","","","","","","","","","","","","","","","","","","","","","","","","","","","","","","","","","","","","","","","","","","","","","","","","","","","","","","","","","","","","","","","","","","","","","","","","","","","","","","","","","","","","","","","","","","","","","","","","","","","","","","","","","","","","","","","","","","","","","","","","","","","","","","","","","","","","","","","","","","","","","","","","","","","","","","","","","","","","",62,13,62.0
"CAO, LITONG",55040,105589112,25S-SOCIOL-111-LAB-1F,212585,25S-SOCIOL-0111-001F,2025-05-02 06:51:55 UTC,1,"","",co-membership,1.0,"","",diagonal,1.0,"","","","","","","","",adjacency,1.0,People and the friends they have,1.0,"","","","","","","","","","",Communication,1.0,Astrological,1.0,Communication,0.0,"","","","",Indegree,1.0,"","",Mutual,1.0,Subset,1.0,The empty set,1.0,"","",Degree,1.0,"","","","",empty,1.0,Nonadjacent,1.0,"","","","","","","","",maximum,1.0,eccentricity,1.0,weakly,1.0,"","","","",Destination,1.0,"","",strongly,1.0,Cycle,1.0,weakly,1.0,"","",Being in the same class,1.0,"","","","","","",Interaction,1.0,Symmetric,1.0,"","","","","","","","",neocortex; group,0.0,45 - 50 people,1.0,"","",120-150 people,1.0,at least two components,1.0,connected,1.0,path,1.0,vertices,1.0,"","","","","","","","","","",the columns not the rows,1.0,Outdegree centrality,1.0,"","","","","","","","",group overlap,1.0,m x p,1.0,column,1.0,off-diagonal,1.0,m x m,1.0,groups,1.0,Duration,1.0,weak,1.0,simmelian,1.0,weak,1.0,strongly,1.0,Geology,1.0,People,1.0,"source, destination",1.0,Neighborhood,1.0,adjacent,1.0,"edges, edge-deleted",1.0,Vertices,1.0,Vertex,1.0,Empirical,1.0,Isolate,1.0,Length,1.0,Inner,1.0,length,1.0,Being somebody’s boss,0.0,Interaction,1.0,Antisymmetric,1.0,Asymmetric,1.0,Asymmetric,1.0,Interaction,1.0,Similarity,1.0,Support clique,1.0,4-5 people,1.0,disconnected,1.0,Geodesic Distance,1.0,N - 1,1.0,Indegree centrality,1.0,Betweenness,1.0,Indegree,1.0,all the other answers are correct,1.0,closeness,1.0,Degree centrality,1.0,"","","","","","","","","","","","","","","","","","","","","","","","","","","","","","","","","","","","","","","","","","","","","","","","","","","","","","","","","","","","","","","","","","","","","","","","","","","","","","","","","","","","","","","","","","","","","","","","","","","","","","","","","","","","","","","","","","","","","","","","","","","","","","","","","","","","","","","","","","","","","","","","","","","","","","","","","","","","","","","","","","","","","","",72,3,72.0
"NAVARRO CHAVEZ, ARISBETH",44451,205500044,25S-SOCIOL-111-LAB-1A,212578,25S-SOCIOL-0111-001A,2025-05-02 06:50:44 UTC,1,"","",co-membership,1.0,"","","","",affiliation,1.0,Scientists and the papers they write,1.0,"","","","","","","","","","","","",Granovetter-transitivity,1.0,"","","","","","",Astrological,1.0,"","","","","","","","","","","","","","","","","","",Degree,1.0,outdegree,1.0,Union,1.0,empty,1.0,Nonadjacent,1.0,"","","","","","","","","","",eccentricity,1.0,"","","","","","","","",Geodesic Distance,1.0,strongly,1.0,"","",weakly,1.0,Similarity,1.0,"","","","","","","","","","","","",Symmetric,1.0,Asymmetric,0.0,"","",Sympathy group,1.0,neocortex; group,0.0,"","","","","","",at least two components,1.0,connected,1.0,"","","","",connected,1.0,"","","","","","","","","","","","","","","","","","","","","","","","",column,1.0,off-diagonal,1.0,m x m,1.0,"","","","","","",simmelian,1.0,"","","","","","","","","","","","",adjacent,1.0,"","",Vertices,1.0,Vertex,1.0,"","",Isolate,1.0,"","","","",length,1.0,"","","","","","","","","","","","",Similarity,1.0,Support clique,1.0,4-5 people,1.0,"","",Geodesic Distance,1.0,"","","","",Betweenness,1.0,Indegree,1.0,"","","","","","",n x n,1.0,people,1.0,group overlap,1.0,off-diagonal,1.0,Intimacy,1.0,strong,1.0,novel,1.0,Theory,1.0,Tik Tok,1.0,People,1.0,Schools,1.0,Carrier,1.0,An Edge,1.0,Null,1.0,Common neighbor,1.0,Isolates,1.0,Transmitter,1.0,path,0.0,Origin,1.0,semicycle,1.0,mutually,1.0,Three,1.0,Asymmetric,1.0,Asymmetric,1.0,symmetric,1.0,Symmetric,1.0,Similarity,1.0,Symmetric,1.0,Monetary,1.0,component,1.0,subgraph,1.0,edges,1.0,Degree centrality,1.0,Closeness centrality,1.0,Closeness centrality,1.0,edges,0.0,Betweenness centrality,1.0,star,1.0,"","","","","","","","","","","","","","","","","","","","","","","","","","","","","","","","","","","","","","","","","","","","","","","","","","","","","","","","","","","","","","","","","","","","","","","","","","","","","","","","","","","","","","","","","","",71,4,71.0
"YANG, JACQUELINE",138210,206288933,25S-SOCIOL-111-LAB-1E,212566,25S-SOCIOL-0111-001E,2025-05-02 06:46:34 UTC,1,it has two sum of degrees,1.0,"","","","",diagonal,1.0,"","","","","","","","",adjacency,1.0,"","","","","","","","","","",more,1.0,"","","","","","","","",Actors,1.0,Indegree,1.0,Asymmetric,1.0,"","",Subset,1.0,"","",Edges,1.0,"","",outdegree,1.0,"","","","",Nonadjacent,1.0,Incident,1.0,Adjacent,1.0,"","",Adjacent,1.0,maximum,1.0,"","","","",semitpath,1.0,cycles,1.0,Destination,1.0,"","","","","","",weakly,1.0,"","","","",Asymmetric,1.0,Symmetric,1.0,"Symmetric, asymmetric, antisymmetric",0.0,Interaction,1.0,"","",Symmetric,1.0,Asymmetric,0.0,"","","","",neocortex; group,0.0,45 - 50 people,1.0,Active network,1.0,"","","","","","",path,1.0,"","",connected,1.0,"","",row or column sums,1.0,(N-1)(N-2),1.0,"","","","","","",either rows or columns,1.0,All of the other answers are correct,1.0,"","",Betweenness centrality,1.0,"","","","","","","","","","","","","","","","",simmelian,1.0,"","","","",Geology,1.0,"","","","",Neighborhood,1.0,adjacent,1.0,"","","","","","",Empirical,1.0,"","",Length,1.0,Inner,1.0,"","",Being somebody’s boss,0.0,"","","","","","","","","","","","",Support clique,1.0,"","","","","","","","","","","","",Indegree,1.0,all the other answers are correct,1.0,closeness,1.0,Degree centrality,1.0,m x m,0.0,"","",co-membership,0.0,"","","","","","","","","","",Schools,0.0,"","",Schools,1.0,Carrier,1.0,"","","","",Common neighbor,1.0,Isolates,1.0,"","",path,0.0,Origin,1.0,"","",mutually,1.0,"","",Asymmetric,1.0,"","","","","","","","","","","","",component,1.0,"","","","","","","","","","","","","","","","",row,1.0,bipartite,1.0,affiliation,1.0,affiliation,1.0,the transpose,1.0,active network,1.0,Granovetter-transitivity,1.0,weak,1.0,Analysis,0.0,Asymmetric,1.0,Role Relation,1.0,12-15 people,1.0,giant component,1.0,path,1.0,Closeness centrality,1.0,"","","","","","","","","","","","","","","","","","","","","","","","","","","","","","","","","","","","","","","","","","","","","","","","","","","","","","","","","","","","",66,9,66.0
"LEONARD, SORAYA",131416,106281263,25S-SOCIOL-111-LAB-1A,212578,25S-SOCIOL-0111-001A,2025-05-02 06:42:43 UTC,1,"","",co-membership,1.0,"","","","","","","","","","",group overlap,1.0,"","",People and the friends they have,1.0,"","","","","","",strong,1.0,"","","","","","","","","","","","",Indegree,1.0,Asymmetric,1.0,Mutual,1.0,"","","","",Edges,1.0,"","","","",Union,1.0,"","","","",Incident,1.0,"","",Receiver,1.0,Equivalent,0.0,maximum,1.0,"","",weakly,1.0,semitpath,1.0,"","","","",Geodesic Distance,1.0,"","",Cycle,1.0,"","","","",Being in the same class,1.0,Asymmetric,1.0,"","","","",Interaction,1.0,"","",Symmetric,1.0,Asymmetric,0.0,"","","","","","",45 - 50 people,1.0,"","",120-150 people,1.0,"","",connected,1.0,edge,0.0,vertices,1.0,"","","","",row or column sums,1.0,"","",either the rows or the columns,0.0,"","",Outdegree centrality,1.0,"","","","","","","","","","","","","","",off-diagonal,1.0,"","","","","","","","","","","","","","","","",People,1.0,"source, destination",1.0,"","","","","edges, edge-deleted",1.0,Paths,0.0,"","","","",Isolate,1.0,Length,1.0,"","",length,1.0,"","","","","","","","",Asymmetric,1.0,"","",Asymmetric Tie,0.0,"","","","","","",Reachability,0.0,N(N - 1),0.0,"","","","","","","","",closeness,1.0,"","","","","","","","",off-diagonal,1.0,"","","","","","","","",Tik Tok,1.0,People,1.0,"","","","","","",Null,1.0,"","","","",Transmitter,1.0,"","","","",semicycle,1.0,"","","","",Asymmetric,1.0,"","","","","","","","",Symmetric,1.0,Monetary,1.0,"","",subgraph,1.0,"","","","",Closeness centrality,1.0,"","",edges,0.0,"","",complete,0.0,"","","","",affiliation,1.0,"","","","","","",balance theory,0.0,"","",Analysis,0.0,"","","","",12-15 people,1.0,"","","","",Betweenness centrality,0.0,co-membership,1.0,the number of edges,1.0,two sets of vertices and one set of edges,1.0,disjoint,1.0,Frequency of activation,1.0,weak tie principle,1.0,weak,1.0,Social,1.0,Union,0.0,unilaterally,1.0,average degree,0.0,Role Relation,1.0,Affinity group,1.0,connected,1.0,"","","","","","","","","","","","","","","","","","","","","","","","","","","","","","","","",60,15,60.0
"HARRIS, ALEXANDER",44041,005814314,25S-SOCIOL-111-LAB-1D,212558,25S-SOCIOL-0111-001D,2025-05-02 06:37:36 UTC,1,"",0.0,"","","","","","",affiliation,1.0,Scientists and the papers they write,1.0,"","","",0.0,"","","","","","","","","","",strong,1.0,"","","","","","",Physics,1.0,The brain,1.0,"","","","",Asymmetric,1.0,"","","","","","",Edges,1.0,Degree,1.0,outdegree,1.0,Union,1.0,"","","","",Incident,1.0,Adjacent,1.0,Receiver,1.0,"","",maximum,1.0,"","","","","","","","",Destination,1.0,Geodesic Distance,1.0,strongly,1.0,"","","","","","","","",Asymmetric,1.0,"","","Asymmetric, symmetric, antisymmetric",0.0,"","",Symmetric,1.0,"","",Antisymmetric,1.0,Antisymmetric,1.0,"","",neocortex; group,0.0,"","","","",45-50 people,0.0,"","","","","","",vertices,1.0,"","","","",row or column sums,1.0,N-1,0.0,"","","","","","","","",All of the other answers are correct,1.0,Outdegree,1.0,Betweenness centrality,1.0,"","","","","",0.0,"","","",0.0,"","",Duration,1.0,"","",simmelian,1.0,"","","","","","","","","source, destination",1.0,"","","","","","","","",Vertex,1.0,Empirical,1.0,"","",Length,1.0,"","",strength,0.0,"","",Interaction,1.0,"","","","","","",Interaction,1.0,Interaction,0.0,Support clique,1.0,"","","","","","","","",Indegree centrality,1.0,Betweenness,1.0,Indegree,1.0,all the other answers are correct,1.0,"","","","","","","","","","","","","","","","","","",Theory,1.0,Tik Tok,1.0,"","","","","","",An Edge,1.0,"","",Common neighbor,1.0,Isolates,1.0,"","","","",Origin,1.0,cycle,0.0,"","",Three,1.0,"","","","","","","","","","","","","","","","",subgraph,1.0,"","","","","","","","","","","","","","","","","","","","",affiliation,1.0,"","","","","","","","","","","","","","",12-15 people,1.0,"","",path,1.0,"","",co-membership,1.0,"","",two sets of vertices and one set of edges,1.0,disjoint,1.0,Frequency of activation,1.0,"","","","","","",Intersection,1.0,"","",diameter,1.0,Role Relation,1.0,Sympathy group,0.0,connected,1.0,All of these are properties of strong ties,1.0,Data Science,0.0,Being somebody’s boss,1.0,disconnected,1.0,Weakly Connected,1.0,"","","","","","","","","","","","","","","","","","","","","","",62,13,62.0
"TOMINAGA, SARAH",122515,306232691,25S-SOCIOL-111-LAB-1B,212554,25S-SOCIOL-0111-001B,2025-05-02 06:37:29 UTC,1,"","","","",bipartite,1.0,diagonal,1.0,"","","","",co-membership,1.0,"","","","",People and the friends they have,1.0,strong,1.0,"","","","",strong,1.0,more,1.0,Communication,1.0,"","",Physics,1.0,"","",Actors,1.0,"","",Asymmetric,1.0,"","","","","","","","",Degree,1.0,outdegree,1.0,"","",empty,1.0,"","",Incident,1.0,Adjacent,1.0,Receiver,1.0,Adjacent,1.0,"","","","","","",semitpath,1.0,"","",Endpoint,0.0,Diameter,0.0,strongly,1.0,"","",weakly,1.0,"","",Being in the same class,1.0,"","","","","Antisymmetric, symmetric, asymmetric",1.0,Interaction,1.0,"","",Symmetric,1.0,Antisymmetric,1.0,"","",Sympathy group,1.0,"","",45 - 50 people,1.0,Active network,1.0,"","",at least two components,1.0,connected,1.0,"","",vertices,1.0,"","","","",row or column sums,1.0,(N-1)(N-2),1.0,"","","","",Outdegree centrality,1.0,"","","","","","",Betweenness centrality,1.0,"","","","","","","","","","",people,0.0,"","","","","","","","","","","","","","","","",Neighborhood,1.0,"","","edges, edge-deleted",1.0,"","",Vertex,1.0,"","",Isolate,1.0,"","","","",length,1.0,Giving advice,1.0,"","","","","","",Asymmetric,1.0,"","",Similarity,1.0,"","","","","","","","","","",Indegree centrality,1.0,Betweenness,1.0,Indegree,1.0,all the other answers are correct,1.0,"","","","",n x n,1.0,"","","","","","","","","","","","","","","","",People,1.0,"","",Carrier,1.0,"","","","","","",Isolates,1.0,"","",semitpath,1.0,"","",semicycle,1.0,mutually,1.0,"","","","",Asymmetric,1.0,"","","","","","","","",Monetary,1.0,"","",subgraph,1.0,edges,1.0,"","","","","","","","","","",complete,0.0,"","",bipartite,1.0,affiliation,1.0,"","","","","","",Granovetter-transitivity,1.0,"","","","","","","","","","","","","","","","","","","","","","","","","","","","","","","","",Intersection,1.0,unilaterally,1.0,"","",Role Relation,1.0,Affinity group,1.0,"","","","",Astrophysics,1.0,"","",disconnected,1.0,"","",bipartite,1.0,diagonal,1.0,weak,1.0,"","","","","","","","","","","","","","","","",71,4,71.0
"WOSENE, ALEXIA",120506,006286416,25S-SOCIOL-111-LAB-1A,212578,25S-SOCIOL-0111-001A,2025-05-02 06:33:49 UTC,1,"","","","","","",diagonal,1.0,affiliation,1.0,Scientists and the papers they write,1.0,"","","","","","",People and the friends they have,1.0,"","",Density,1.0,"","",strong,1.0,more,1.0,Communication,1.0,"","",Physics,1.0,"","","","","","","","","","","","","","",Edges,1.0,"","",outdegree,1.0,Union,1.0,"","",Nonadjacent,1.0,Incident,1.0,Adjacent,1.0,"","","","",maximum,1.0,eccentricity,1.0,weakly,1.0,semitpath,1.0,cycles,1.0,"","","","","","",Cycle,1.0,weakly,1.0,"","","","","","",Symmetric,1.0,"Symmetric, asymmetric, antisymmetric",0.0,"","",Symmetric,1.0,"","","","","","","","","","",45 - 50 people,1.0,Active network,1.0,"","","","",connected,1.0,path,1.0,"","","","","","","","","","","","","","","","","","","","",Outdegree,1.0,"","","","","","","","",off-diagonal,1.0,m x m,1.0,"","","","","","","","","","","","",Geology,1.0,"","","","",Neighborhood,1.0,"","","edges, edge-deleted",1.0,Vertices,1.0,"","",Empirical,1.0,"","","","","","","","","","","","",Antisymmetric,1.0,"","","","",Antisymmetric tie,0.0,Similarity,1.0,"","",4-5 people,1.0,"","",Geodesic Distance,1.0,"","","","",Betweenness,1.0,Indegree,1.0,"","",closeness,1.0,"","",n x n,1.0,"","","","","","","","","","","","","","","","","","","","",Carrier,1.0,An Edge,1.0,Null,1.0,"","","","",Transmitter,1.0,"","",Origin,1.0,"","","","",Three,1.0,"","","","",symmetric,1.0,"","",Similarity,1.0,"","",Monetary,1.0,"","",subgraph,1.0,edges,1.0,"","",Closeness centrality,1.0,"","",edges,0.0,Betweenness centrality,1.0,"","",row,1.0,"","",affiliation,1.0,"","","","","","",Granovetter-transitivity,1.0,"","","","",Asymmetric,1.0,"","",12-15 people,1.0,giant component,1.0,path,1.0,"","","","","","","","","","",Frequency of activation,1.0,"","","","",Social,1.0,Intersection,1.0,"","",diameter,1.0,Role Relation,1.0,"","","","","","",Astrophysics,1.0,"","","","",Weakly Connected,1.0,"","","","","","",n = q,1.0,"","","","","","","","","","","","","","",72,3,72.0
"CASAS, YEXALEN",201727,105992320,25S-SOCIOL-111-LAB-1C,212555,25S-SOCIOL-0111-001C,2025-05-02 06:33:08 UTC,1,"","",co-membership,1.0,"","","","",affiliation,1.0,"","","","","","","","",CEOs and the board of directors they serve in,0.0,"","","","","","","","","","",Communication,1.0,"","","","",The brain,1.0,Actors,1.0,"","",Asymmetric,1.0,Mutual,1.0,Subset,1.0,The empty set,1.0,"","","","","","",Union,1.0,"","","","",Incident,1.0,Adjacent,1.0,"","",Adjacent,1.0,"","","","",weakly,1.0,path,0.0,cycles,1.0,Destination,1.0,"","",strongly,1.0,"","","","","","","","",Asymmetric,1.0,"","","","",Interaction,1.0,Symmetric,1.0,"","","","",Antisymmetric,1.0,"","",neocortex; group,0.0,"","",Active network,1.0,120-150 people,1.0,at least two components,1.0,"","","","","","","","",Harmonic,1.0,"","","","","","",the columns not the rows,1.0,"","",either rows or columns,1.0,"","","","",Betweenness centrality,1.0,"","","","","","",off-diagonal,1.0,m x m,1.0,people,0.0,"","","","","","","","","","","","","","","","",Neighborhood,1.0,adjacent,1.0,"vertices, edge-deleted",0.0,Vertices,1.0,"","",Empirical,1.0,"","","","","","",length,1.0,"","","","","","",Asymmetric,1.0,"","","","",Similarity,1.0,"","",4-5 people,1.0,disconnected,1.0,Geodesic Distance,1.0,"","","","",Betweenness,1.0,Indegree,1.0,"","","","",Degree centrality,1.0,"","",people,1.0,co-membership,0.0,"","","","","","",novel,1.0,Theory,1.0,"","","","","","","","","","",Null,1.0,"","","","","","","","",Origin,1.0,"","",mutually,1.0,Three,1.0,Asymmetric,1.0,"","","","",Symmetric,1.0,Similarity,1.0,"","",Monetary,1.0,component,1.0,subgraph,1.0,edges,1.0,"","","","","","","","","","",complete,0.0,"","","","",affiliation,1.0,"","","","","","","","","","","","","","","","","","","","","","","","","","","","","","","","",Frequency of activation,1.0,"","","","","","",Intersection,1.0,weakly,0.0,"","","","","","","","",All of these are properties of strong ties,1.0,"","",Being somebody’s boss,1.0,disconnected,1.0,"","","","","","",weak,1.0,n = q,1.0,strength,1.0,Tie,1.0,"","","","","","","","","","",67,8,67.0
"TANKOU, JOVANA",52461,105719948,25S-SOCIOL-111-LAB-1C,212555,25S-SOCIOL-0111-001C,2025-05-02 06:23:01 UTC,1,"","",co-membership,1.0,"","","","",affiliation,1.0,"","",group overlap,0.0,"","","","",People and the friends they have,1.0,"","",Density,1.0,"","","","","","","","","","","","","","",Actors,1.0,"","","","",Mutual,1.0,"","",The empty set,1.0,Edges,1.0,Degree,1.0,"","","","",empty,1.0,Nonadjacent,1.0,"","","","",Receiver,1.0,Adjacent,1.0,"","","","","","","","","","",Destination,1.0,Geodesic Distance,1.0,strongly,1.0,Cycle,1.0,weakly,1.0,"","","","","","","","","Antisymmetric, symmetric, asymmetric",1.0,Interaction,1.0,"","",Symmetric,1.0,"","",Antisymmetric,1.0,"","","","",45 - 50 people,1.0,Active network,1.0,"","","","",connected,1.0,path,1.0,"","","","","","","","",(N-1)(N-2),1.0,"","","","",Outdegree centrality,1.0,"","","","","","","","","","","","","","","","","","","","","","","","","","","","",strongly,1.0,Geology,1.0,"","","source, destination",1.0,Neighborhood,1.0,adjacent,1.0,"","","","","","","","",Isolate,1.0,"","","","",length,1.0,Giving advice,1.0,Interaction,1.0,"","",Asymmetric,1.0,"","","","","","",Support clique,1.0,4-5 people,1.0,"","",Geodesic Distance,1.0,"","",Indegree centrality,1.0,Betweenness,1.0,"","","","",closeness,1.0,"","","","",people,1.0,"","",off-diagonal,1.0,"","",strong,1.0,"","","","","","",People,1.0,"","",Carrier,1.0,An Edge,1.0,Null,1.0,"","","","","","",path,0.0,Origin,1.0,"","","","",Three,1.0,"","","","","","","","","","","","","","",component,1.0,"","",edges,1.0,"","",Degree centrality,0.0,"","","","",Betweenness centrality,1.0,star,1.0,"","","","","","","","",the transpose,1.0,"","",Granovetter-transitivity,1.0,"","","","",Asymmetric,1.0,"","","","","","",path,1.0,"","","","",the number of edges,1.0,two sets of vertices and one set of edges,1.0,"","",Frequency of activation,1.0,"","","","",Social,1.0,"","","","",diameter,1.0,Role Relation,1.0,Affinity group,1.0,"","","","","","",Being somebody’s boss,1.0,disconnected,1.0,"","","","",diagonal,1.0,"","","","","","",Tie,1.0,"","","","","","","","","","",72,3,72.0
"ZEPEDA, NOELIA",24012,205674360,25S-SOCIOL-111-LAB-1D,212558,25S-SOCIOL-0111-001D,2025-05-02 06:21:55 UTC,1,"","","","","","",diagonal,1.0,"","","","","","","","",adjacency,1.0,"","","","","","","","",strong,1.0,"","","","","","","","","","",Actors,1.0,"","",Asymmetric,1.0,Mutual,1.0,Subset,1.0,"","","","",Degree,1.0,"","","","","","","","","","","","",Receiver,1.0,"","",maximum,1.0,"","","","","","","","",Destination,1.0,"","","","",Cycle,1.0,weakly,1.0,"","","","","","","","","","","","",Symmetric,1.0,"","","","","","","","","","",45 - 50 people,1.0,Active network,1.0,"","","","",connected,1.0,path,1.0,"","","","","","","","","","",the columns not the rows,0.0,"","","","","","",All of the other answers are correct,1.0,"","","","","","",m x p,1.0,column,1.0,off-diagonal,1.0,m x m,1.0,"","","","","","","","","","","","","","","","","","",Neighborhood,1.0,adjacent,1.0,"edges, edge-deleted",1.0,"","",Vertex,1.0,Empirical,1.0,"","",Length,1.0,"","",length,1.0,Being somebody’s boss,0.0,Interaction,1.0,Antisymmetric,1.0,Reciprocal,0.0,"","",Interaction,1.0,Similarity,1.0,"","",4-5 people,1.0,"","",Geodesic Distance,1.0,"","",Indegree centrality,1.0,Betweenness,1.0,"","","","","","","","","","","","","","","","","","",strong,1.0,novel,1.0,Theory,1.0,Tik Tok,1.0,"","",Schools,1.0,Carrier,1.0,An Edge,1.0,Null,1.0,Common neighbor,1.0,"","","","",path,0.0,"","",cycle,0.0,mutually,1.0,"","","","","","","","","","",Similarity,1.0,"","",Monetary,1.0,component,1.0,subgraph,1.0,edges,1.0,"","",Closeness centrality,1.0,Closeness centrality,1.0,"","","","","","","","",bipartite,1.0,"","","","","","",active network,1.0,Granovetter-transitivity,1.0,"","","","",Asymmetric,1.0,Co-location,0.0,12-15 people,1.0,"","",path,1.0,Closeness centrality,1.0,co-membership,1.0,the number of edges,1.0,"","","","","","","","","","","","",Intersection,1.0,strongly,0.0,"","","","","","","","","","","","","","","","",Undirected,0.0,bipartite,1.0,"","","","","","","","",Tie,1.0,"","","","","","","","","","",67,8,67.0
"MUNOZ PEREZ, FRANCISCO",83376,206016433,25S-SOCIOL-111-LAB-1E,212566,25S-SOCIOL-0111-001E,2025-05-02 06:18:38 UTC,1,it has two sum of degrees,1.0,"","","","","","",affiliation,1.0,"","","","",group overlap,1.0,"","","","","","","","","","","","","","","","","","","","","","","","",Indegree,1.0,Asymmetric,1.0,Mutual,1.0,"","","","","","","","",outdegree,1.0,"","","","",Nonadjacent,1.0,"","",Adjacent,1.0,"","",Adjacent,1.0,"","","","","","",semitpath,1.0,cycles,1.0,Destination,1.0,Geodesic Distance,1.0,strongly,1.0,"","",weakly,1.0,Similarity,1.0,"","","","",Symmetric,1.0,"","","","","","","","","","","","","","",neocortex; group,0.0,"","",Active network,1.0,120-150 people,1.0,"","",connected,1.0,path,1.0,"","","","","","","","","","",the columns not the rows,0.0,the columns not the rows,1.0,"","","","",The length of the shortest paths that have a node as one of their ends,0.0,Closeness,0.0,Betweenness centrality,1.0,group overlap,1.0,"","",column,1.0,off-diagonal,1.0,"","","","","","","","","","","","","","",Geology,1.0,"","","source, destination",1.0,Neighborhood,1.0,"","","edges, edge-deleted",1.0,"","","","","","",Isolate,1.0,Length,1.0,"","",length,1.0,"","","","","","","","","","",Interaction,1.0,"","","","","","",disconnected,1.0,"","","","",Indegree centrality,1.0,Betweenness,1.0,"","","","","","",Degree centrality,1.0,"","","","","","","","","","","","","","","","",Tik Tok,1.0,"","",Schools,1.0,"","",An Edge,1.0,Null,1.0,"","","","",Transmitter,1.0,"","",Origin,1.0,cycle,0.0,"","","","",Asymmetric,1.0,Asymmetric,1.0,"","",Symmetric,1.0,Similarity,1.0,"","","","",component,1.0,subgraph,1.0,"","","","","","","","","","",Betweenness centrality,1.0,"","",row,1.0,"","",affiliation,1.0,"","","","","","",Granovetter-transitivity,1.0,weak,1.0,"","",Asymmetric,1.0,Role Relation,1.0,12-15 people,1.0,"","","","",Closeness centrality,1.0,"","","","",two sets of vertices and one set of edges,1.0,disjoint,1.0,Frequency of activation,1.0,"","",weak,1.0,Social,1.0,Intersection,1.0,"","","","","","",Affinity group,1.0,"","",All of these are properties of strong ties,1.0,"","",Being somebody’s boss,1.0,"","","","","","","","","","","","","","",Tie,1.0,"","","","","","","","","","",70,5,70.0
"MINASYAN, ARNO",133880,806281641,25S-SOCIOL-111-LAB-1B,212554,25S-SOCIOL-0111-001B,2025-05-02 06:09:40 UTC,1,"","",co-membership,1.0,"","",diagonal,1.0,"","","","",co-membership,1.0,"","","","","","","","","","",Granovetter-transitivity,1.0,"","","","",Communication,1.0,"","","","",The brain,1.0,"","",Indegree,1.0,"","",Mutual,1.0,"","","","",Edges,1.0,"","","","","","","","",Nonadjacent,1.0,Incident,1.0,"","",Receiver,1.0,"","","","",eccentricity,1.0,weakly,1.0,"","","","","","",Geodesic Distance,1.0,strongly,1.0,"","",weakly,1.0,Similarity,1.0,"","",Asymmetric,1.0,Symmetric,1.0,"","","","",Symmetric,1.0,"","","","","","",Sympathy group,1.0,"","",45 - 50 people,1.0,Active network,1.0,"","","","","","",path,1.0,vertices,1.0,"","","","",row or column sums,1.0,(N-1)(N-2),1.0,"","",the columns not the rows,1.0,"","",either rows or columns,1.0,All of the other answers are correct,1.0,"","",Betweenness centrality,1.0,group overlap,1.0,m x p,1.0,"","","","","","",groups,1.0,"","","","",simmelian,1.0,weak,1.0,"","","","","","","source, destination",1.0,"","",adjacent,1.0,"","","","",Vertex,1.0,"","",Isolate,1.0,"","","","","","",Giving advice,1.0,Interaction,1.0,"","","","","","","","","","",Support clique,1.0,"","",disconnected,1.0,"","","","","","",Betweenness,1.0,"","","","","","","","","","","","","","","","",Intimacy,1.0,"","","","","","","","",People,1.0,"","",Carrier,1.0,An Edge,1.0,Null,1.0,Common neighbor,1.0,Isolates,1.0,"","","","",Origin,1.0,"","",mutually,1.0,Three,1.0,"","",Asymmetric,1.0,"","",Symmetric,1.0,"","","","","","","","","","",edges,1.0,Degree centrality,1.0,Closeness centrality,1.0,"","","","","","","","","","","","",affiliation,1.0,"","","","","","","","","","","","",Asymmetric,1.0,"","","","",giant component,1.0,"","","","","","","","",two sets of vertices and one set of edges,1.0,disjoint,1.0,"","","","","","","","","","",unilaterally,1.0,diameter,1.0,"","",Affinity group,1.0,connected,1.0,"","",Astrophysics,1.0,Being somebody’s boss,1.0,"","","","","","","","","","",n = q,1.0,"","",Tie,1.0,many,1.0,"","","","","","","","",75,0,75.0
"DEVKOTA, JAYANI",132403,006288750,25S-SOCIOL-111-LAB-1C,212555,25S-SOCIOL-0111-001C,2025-05-02 06:05:24 UTC,1,it has two average degrees,0.0,"","","","","","","","",Scientists and the papers they write,1.0,"","","","",adjacency,1.0,"","",strong,1.0,"","","","","","","","","","","","","","",The brain,1.0,"","","","",Asymmetric,1.0,Mutual,1.0,"","",The empty set,1.0,"","","","",outdegree,1.0,Intersection,0.0,"","",Nonadjacent,1.0,"","",Adjacent,1.0,"","",Adjacent,1.0,"","",eccentricity,1.0,"","","","",cycles,1.0,"","","","","","",Cycle,1.0,weakly,1.0,Similarity,1.0,"","","","",Symmetric,1.0,"Antisymmetric, symmetric, asymmetric",1.0,"","",Symmetric,1.0,"","",Antisymmetric,1.0,"","","","",neocortex; group,0.0,45 - 50 people,1.0,"","","","","","",connected,1.0,"","","","",connected,1.0,"","",row or column sums,1.0,"","","","",the columns not the rows,1.0,Outdegree centrality,1.0,"","",All of the other answers are correct,1.0,Outdegree,1.0,"","",co-membership,0.0,m x p,1.0,"","",off-diagonal,1.0,"","","","","","","","",simmelian,1.0,"","","","","","","","","","","","",adjacent,1.0,"edges, edge-deleted",1.0,"","",Vertex,1.0,Empirical,1.0,"","",Length,1.0,Inner,1.0,length,1.0,"","","","","","","","",Asymmetric,1.0,Interaction,1.0,"","","","","","",disconnected,1.0,Geodesic Distance,1.0,N - 1,1.0,"","",Betweenness,1.0,"","","","","","","","","","","","","","","","","","","","",novel,1.0,Theory,1.0,"","","","",Schools,1.0,Carrier,1.0,"","","","","","","","",Transmitter,1.0,path,0.0,"","","","","","",Three,1.0,"","","","","","","","","","","","",Monetary,1.0,"","","","","","","","","","",Closeness centrality,1.0,"","","","","","","","",bipartite,1.0,"","","","","","","","",Granovetter-transitivity,1.0,"","","","","","",Role Relation,1.0,12-15 people,1.0,giant component,1.0,"","","","","","","","",two sets of vertices and one set of edges,1.0,"","","","","","",weak,1.0,"","",Intersection,1.0,unilaterally,1.0,"","","","",Affinity group,1.0,connected,1.0,"","",Astrophysics,1.0,Being somebody’s boss,1.0,"","",Weakly Connected,1.0,bipartite,1.0,"","","","",n = q,1.0,"","",Tie,1.0,"","",Symmetric,1.0,"","","","","","",70,5,70.0
"KASUGAI, YUKI",203620,006460255,25S-SOCIOL-111-LAB-1E,212566,25S-SOCIOL-0111-001E,2025-05-02 05:54:57 UTC,1,"","",co-membership,1.0,"","",diagonal,1.0,affiliation,1.0,"","","","","","","","","","",strong,1.0,"","",Granovetter-transitivity,1.0,"","","","","","",Astrological,1.0,"","",The brain,1.0,"","",Indegree,1.0,Asymmetric,1.0,Mutual,1.0,"","",The empty set,1.0,"","","","",outdegree,1.0,Union,1.0,empty,1.0,Nonadjacent,1.0,"","","","",Receiver,1.0,"","",maximum,1.0,"","",unilaterally,0.0,"","",cycles,1.0,Destination,1.0,"","","","","","",weakly,1.0,"","","","",Asymmetric,1.0,"","","Symmetric, asymmetric, antisymmetric",0.0,Interaction,1.0,"","",Symmetric,1.0,"","","","","","","","",45 - 50 people,1.0,Active network,1.0,"","",at least two components,1.0,"","","","","","",connected,1.0,"","",row or column sums,1.0,"","","","",the columns not the rows,1.0,"","","","","","","","","","","","","","",column,1.0,"","","","",groups,1.0,"","","","","","","","",strongly,1.0,"","",People,1.0,"","","","",adjacent,1.0,"edges, edge-deleted",1.0,"","","","",Empirical,1.0,Isolate,1.0,"","","","",length,1.0,"","",Interaction,1.0,"","",Asymmetric,1.0,Asymmetric,1.0,"","","","","","","","","","",Geodesic Distance,1.0,"","","","",Betweenness,1.0,"","",all the other answers are correct,1.0,closeness,1.0,"","",n x n,1.0,people,1.0,"","","","","","","","",novel,1.0,"","","","","","","","",Carrier,1.0,"","","","","","","","","","",path,0.0,"","","","",mutually,1.0,Three,1.0,Asymmetric,1.0,"","","","","","","","","","",Monetary,1.0,component,1.0,subgraph,1.0,"","",Degree centrality,1.0,Closeness centrality,1.0,"","","","",Betweenness centrality,1.0,"","","","","","","","","","","","","","","","","","","","",Asymmetric,1.0,"","",12-15 people,1.0,"","",path,1.0,"","",co-membership,1.0,the number of edges,1.0,"","","","",Frequency of activation,1.0,"","","","","","",Intersection,1.0,unilaterally,1.0,"","","","",Sympathy group,0.0,"","","","",Astrophysics,1.0,Being somebody’s boss,1.0,"","",Weakly Connected,1.0,"","",diagonal,1.0,"","","","","","",Tie,1.0,"","","","","","","","","","",71,4,71.0
"TRUONG, KELLY",93627,406017196,25S-SOCIOL-111-LAB-1C,212555,25S-SOCIOL-0111-001C,2025-05-02 05:52:37 UTC,1,"","","","",bipartite,1.0,diagonal,1.0,"","","","","","","","","","","","","","","","","","",strong,1.0,"","",Communication,1.0,"","","","",The brain,1.0,Actors,1.0,"","","","","","","","",Zero,0.0,"","","","",outdegree,1.0,Union,1.0,"","",Nonadjacent,1.0,Connected,0.0,Adjacent,1.0,Receiver,1.0,Adjacent,1.0,maximum,1.0,centrality,0.0,weakly,1.0,semitpath,1.0,cycles,1.0,Inner,0.0,"","","","",Cycle,1.0,"","","","","","",Asymmetric,1.0,"","","","","","","","",Symmetric,1.0,Antisymmetric,1.0,Antisymmetric,1.0,Sympathy group,1.0,"","",45 - 50 people,1.0,"","",120-150 people,1.0,"","","","","","","","","","","","","","",N-1,0.0,"","","","","","","","",All of the other answers are correct,1.0,"","","","",adjacency,0.0,"","","","","","","","","","",Duration,1.0,weak,1.0,"","","","","","","","","","","","",Neighborhood,1.0,"","","edges, edge-deleted",1.0,"","","","",Empirical,1.0,Isolate,1.0,"","",Destination,0.0,"","","","","","","","","","",Asymmetric,1.0,"","",Similarity,1.0,Support clique,1.0,"","",disconnected,1.0,Geodesic Distance,1.0,N - 1,1.0,"","","","","","","","",closeness,1.0,Degree centrality,1.0,n x n,1.0,"","","","","","","","","","","","",Theory,1.0,"","",People,1.0,"","",Carrier,1.0,"","","","","","","","",Transmitter,1.0,semitpath,1.0,"","","","","","",Two,0.0,"","","","","","","","",Similarity,1.0,Symmetric,1.0,"","",subgraph,0.0,none of the other answers apply,0.0,edges,1.0,"","",Closeness centrality,1.0,"","","","","","","","","","",bipartite,1.0,"","","","",the transpose,1.0,"","","","","","","","",Asymmetric,1.0,Role Relation,1.0,"","",giant component,1.0,"","",Indegree centrality,0.0,"","",the number of edges,1.0,two sets of vertices and two sets of edges,0.0,disjoint,1.0,"","",weak tie principle,1.0,"","","","",Union,0.0,"","","","","","",Affinity group,1.0,connected,1.0,All of these are properties of strong ties,1.0,"","","","","","",Strongly Connected,0.0,"","","","","","",n = q,1.0,"","","","","","","","","","","","","","",61,14,61.0
"GABRIELYAN, EDUARD",139839,906281443,25S-SOCIOL-111-LAB-1C,212555,25S-SOCIOL-0111-001C,2025-05-02 05:48:41 UTC,1,"","","","","","",diagonal,1.0,"","","","","","",group overlap,1.0,"","","","","","","","","","","","","","","","","","",Communication,0.0,The brain,1.0,"","","","",Asymmetric,1.0,"","","","",The empty set,1.0,"","",Degree,1.0,outdegree,1.0,"","",empty,1.0,"","",Incident,1.0,Adjacent,1.0,"","","","",maximum,1.0,"","",weakly,1.0,path,0.0,cycles,1.0,"","","","",strongly,1.0,"","",weakly,1.0,"","",Being in the same class,1.0,"","",Symmetric,1.0,"","",Interaction,1.0,Symmetric,1.0,"","","","",Antisymmetric,1.0,"","",neocortex; group,0.0,45 - 50 people,1.0,"","","","","","","","","","","","",connected,1.0,Harmonic,1.0,row or column sums,1.0,"","",the rows not the columns,1.0,"","","","","","","","",Outdegree,1.0,Betweenness centrality,1.0,"","",m x p,1.0,"","",off-diagonal,1.0,n x n,0.0,"","","","","","","","","","",strongly,1.0,"","",People,1.0,"source, destination",1.0,"","",adjacent,1.0,"","",Vertices,1.0,"","","","",Isolate,1.0,"","",Inner,1.0,length,1.0,"","","","",Antisymmetric,1.0,"","",Asymmetric,1.0,"","",Interaction,0.0,Support clique,1.0,"","","","","","",N - 1,1.0,"","","","","","",all the other answers are correct,1.0,"","","","",m x m,0.0,"","","","","","",Intimacy,1.0,"","","","",Theory,1.0,"","",People,1.0,"","","","",An Edge,1.0,"","",Common neighbor,1.0,"","",Transmitter,1.0,"","","","",semicycle,1.0,"","","","","","","","","","","","",Similarity,1.0,"","",Monetary,1.0,component,1.0,"","","","","","",Closeness centrality,1.0,"","",edges,0.0,"","","","","","","","",affiliation,1.0,"","","","","","","","",weak,1.0,"","","","",Role Relation,1.0,"","","","",path,1.0,Closeness centrality,1.0,"","",the number of edges,1.0,two sets of vertices and one set of edges,1.0,"","",Frequency of activation,1.0,"","",weak,1.0,"","",Intersection,1.0,"","",diameter,1.0,"","",Affinity group,1.0,connected,1.0,"","","","","","",disconnected,1.0,"","",bipartite,1.0,"","","","","","","","","","","","","","","","","","","","",68,7,68.0
"HU, YILE",197894,805966681,25S-SOCIOL-111-LAB-1E,212566,25S-SOCIOL-0111-001E,2025-05-02 05:41:36 UTC,1,"","",co-membership,1.0,"","",diagonal,1.0,"","",Scientists and the papers they write,1.0,co-membership,1.0,"","","","","","","","","","","","","","","","","","","","",Physics,1.0,"","",Actors,1.0,Indegree,1.0,"","",Mutual,1.0,Subset,1.0,"","","","","","",outdegree,1.0,"","",empty,1.0,"","",Incident,1.0,Adjacent,1.0,Receiver,1.0,Adjacent,1.0,maximum,1.0,"","","","",semitpath,1.0,cycles,1.0,"","","","",strongly,1.0,"","",weakly,1.0,"","","","","","","","","Symmetric, asymmetric, antisymmetric",0.0,"","","","",Symmetric,1.0,Asymmetric,0.0,"","","","",neocortex; group,0.0,45 - 50 people,1.0,Active network,1.0,"","",at least two components,1.0,"","",path,1.0,vertices,1.0,"","","","","","","","","","",the columns not the rows,1.0,"","","","","","","","","","","","","","","","",off-diagonal,1.0,"","","","","","",weak,1.0,"","","","","","","","","","","","","","","","","","",Vertices,1.0,"","",Empirical,1.0,Isolate,1.0,"","","","",length,1.0,Being somebody’s boss,0.0,Interaction,1.0,"","","","","","",Interaction,1.0,"","","","",4-5 people,1.0,disconnected,1.0,Geodesic Distance,1.0,N - 1,1.0,Indegree centrality,1.0,"","",Indegree,1.0,all the other answers are correct,1.0,closeness,1.0,"","","","","","","","",off-diagonal,1.0,Intimacy,1.0,"","","","",Theory,1.0,"","","","",Schools,1.0,"","",An Edge,1.0,Null,1.0,"","","","","","","","",Origin,1.0,"","",mutually,1.0,Three,1.0,Asymmetric,1.0,"","","","",Symmetric,1.0,Similarity,1.0,"","","","","","","","",edges,1.0,"","","","",Closeness centrality,1.0,nodes,1.0,"","","","","","","","","","",affiliation,1.0,"","",active network,1.0,Granovetter-transitivity,1.0,"","","","","","",Role Relation,1.0,"","","","","","","","","","",the number of edges,1.0,"","",disjoint,1.0,"","",weak tie principle,1.0,"","","","",Intersection,1.0,weakly,0.0,"","","","",Sympathy group,0.0,"","","","","","","","",disconnected,1.0,"","",bipartite,1.0,"","","","","","","","",Tie,1.0,"","","","","","","","","","",69,6,69.0
"MIN, TAI-GE",88486,905976383,25S-SOCIOL-111-LAB-1D,212558,25S-SOCIOL-0111-001D,2025-05-02 05:36:19 UTC,1,"","","","",bipartite,1.0,"","",affiliation,1.0,People and the friends they have,0.0,"","",group overlap,1.0,"","","","","","","","",Granovetter-transitivity,1.0,"","","","","","","","",Physics,1.0,"","","","","","","","","","",Subset,1.0,The empty set,1.0,"","","","","","","","",empty,1.0,Nonadjacent,1.0,"","",Adjacent,1.0,Receiver,1.0,Adjacent,1.0,maximum,1.0,eccentricity,1.0,"","","","",cycles,1.0,"","","","","","",Cycle,1.0,"","","","","","",Asymmetric,1.0,"","","Asymmetric, symmetric, antisymmetric",0.0,Interaction,1.0,Symmetric,1.0,Asymmetric,0.0,"","","","",Sympathy group,1.0,neocortex; group,0.0,45 - 50 people,1.0,Active network,1.0,"","",at least two components,1.0,"","","","","","",connected,1.0,Harmonic,1.0,"","","","",the rows not the columns,1.0,"","",Outdegree centrality,1.0,either rows or columns,1.0,"","",Outdegree,1.0,"","",co-membership,0.0,"","","","","","",m x n,0.0,"","",Duration,1.0,"","","","","","",strongly,1.0,"","",Advice,0.0,"source, destination",1.0,"","","","","edges, edge-deleted",1.0,Vertices,1.0,Vertex,1.0,Empirical,1.0,"","","","","","","","","","","","","","","","","","","","",Similarity,1.0,"","","","","","","","",N - 1,1.0,Indegree centrality,1.0,Betweenness,1.0,"","",all the other answers are correct,1.0,"","","","","","",both people and groups,0.0,co-membership,0.0,"","","","","","",novel,1.0,"","","","",People,1.0,"","",Carrier,1.0,"","","","","","",Isolates,1.0,Transmitter,1.0,path,0.0,Origin,1.0,cycle,0.0,"","",Three,1.0,Asymmetric,1.0,Asymmetric,1.0,symmetric,1.0,Symmetric,1.0,"","","","",Time,0.0,"","","","","","","","","","","","","","","","",star,1.0,"","",bipartite,1.0,"","","","","","","","","","","","","","","","","","","","",giant component,1.0,"","","","","","","","",two sets of vertices and one set of edges,1.0,"","",Frequency of activation,1.0,"","","","",Social,1.0,"","",weirdly,0.0,diameter,1.0,"","","","",connected,1.0,"","",Astrophysics,1.0,"","",disconnected,1.0,"","","","","","","","","","","","","","","","","","","","","","","","",62,13,62.0
"AFLAKI, SEAN",85255,705973371,25S-SOCIOL-111-LAB-1E,212566,25S-SOCIOL-0111-001E,2025-05-02 05:35:45 UTC,1,"","","","","","","","",affiliation,1.0,Scientists and the papers they write,1.0,"","","","",co-membership,0.0,"","","","","","","","","","","","","","","","","","","","",Connections,0.0,Indegree,1.0,Asymmetric,1.0,Mutual,1.0,"","",The empty set,1.0,Edges,1.0,Degree,1.0,"","",Union,1.0,"","",Nonadjacent,1.0,"","",Adjacent,1.0,"","",Adjacent,1.0,"","","","",weakly,1.0,semitpath,1.0,"","","","","","",strongly,1.0,Cycle,1.0,weakly,1.0,"","",Being in the same class,1.0,Asymmetric,1.0,"","","","",Interaction,1.0,Symmetric,1.0,"","",Antisymmetric,1.0,"","",Sympathy group,1.0,"","",45 - 50 people,1.0,Active network,1.0,"","","","","","",path,1.0,vertices,1.0,connected,1.0,"","","","","","",the rows not the columns,1.0,"","","","","","","","","","",Betweenness centrality,1.0,group overlap,1.0,m x p,1.0,column,1.0,"","","","",groups,1.0,Duration,1.0,"","","","","","","","","","","","","source, destination",1.0,"","",adjacent,1.0,"","","","","","",Empirical,1.0,"","","","",Inner,1.0,length,1.0,"","","","",Antisymmetric,1.0,"","","","",Interaction,1.0,"","","","",4-5 people,1.0,"","","","",N - 1,1.0,"","",Betweenness,1.0,"","",all the other answers are correct,1.0,closeness,1.0,"","",n x n,1.0,"","","","","","","","","","",novel,1.0,Theory,1.0,"","","","","","",Carrier,1.0,"","","","","","","","",Transmitter,1.0,semitpath,1.0,"","","","","","",Three,1.0,"","","","","","",Symmetric,1.0,"","","","",Monetary,1.0,component,1.0,subgraph,1.0,edges,1.0,Degree centrality,1.0,"","","","",edges,0.0,Betweenness centrality,1.0,"","","","",bipartite,1.0,"","",affiliation,1.0,"","",active network,1.0,"","",weak,1.0,"","",Asymmetric,1.0,"","","","","","","","","","","","","","","","","","","","","","",weak,1.0,Social,1.0,"","",unilaterally,1.0,"","",Role Relation,1.0,"","","","","","",Astrophysics,1.0,"","","","","","","","","","","","","","","","",Tie,1.0,"","","","","","","","","","",72,3,72.0
"KO, JAMIE",133934,806288464,25S-SOCIOL-111-LAB-1F,212585,25S-SOCIOL-0111-001F,2025-05-02 05:27:11 UTC,1,"","","","","","","","","","",Scientists and the papers they write,1.0,"","","","","","","","","","","","","","","","","","",Communication,1.0,"","","","",The brain,1.0,"","",Indegree,1.0,Asymmetric,1.0,"","","","",The empty set,1.0,"","","","","","","","",empty,1.0,Nonadjacent,1.0,"","",Adjacent,1.0,Receiver,1.0,Adjacent,1.0,"","","","",weakly,1.0,semitpath,1.0,"","",Destination,1.0,"","",strongly,1.0,Cycle,1.0,"","","","","","","","",Symmetric,1.0,"","","","",Symmetric,1.0,"","",Antisymmetric,1.0,Antisymmetric,1.0,"","",neocortex; group,0.0,45 - 50 people,1.0,"","","","","","","","",path,1.0,vertices,1.0,"","","","",row or column sums,1.0,(N-1)(N-2),1.0,"","",the columns not the rows,1.0,"","",either rows or columns,1.0,"","",Outdegree,1.0,"","",group overlap,1.0,"","",column,1.0,"","","","",people,0.0,"","","","",simmelian,1.0,"","","","",Geology,1.0,"","","source, destination",1.0,Neighborhood,1.0,"","","","","","",Vertex,1.0,Empirical,1.0,Isolate,1.0,"","",Inner,1.0,"","","","","","",Antisymmetric,1.0,Asymmetric,1.0,"","",Interaction,1.0,"","","","",4-5 people,1.0,disconnected,1.0,"","",N - 1,1.0,"","",Betweenness,1.0,Indegree,1.0,"","","","","","",n x n,1.0,"","","","",off-diagonal,1.0,"","","","",novel,1.0,"","","","","","",Schools,1.0,"","",An Edge,1.0,"","","","","","","","",path,0.0,"","",semicycle,1.0,"","","","","","","","","","",Symmetric,1.0,"","","","","","",component,1.0,"","","","","","",Closeness centrality,1.0,Closeness centrality,1.0,"","","","","","","","","","","","",affiliation,1.0,the transpose,1.0,active network,1.0,"","","","","","","","",Role Relation,1.0,12-15 people,1.0,"","","","","","",co-membership,1.0,"","",two sets of vertices and one set of edges,1.0,"","","","","","","","","","",Intersection,1.0,unilaterally,1.0,diameter,1.0,"","",Sympathy group,0.0,"","",All of these are properties of strong ties,1.0,Astrophysics,1.0,"","",disconnected,1.0,"","","","","","","","","","","","","","","","",Symmetric,1.0,bridges,1.0,"","","","",71,4,71.0
"SNOW, PHILIP",119564,706133000,25S-SOCIOL-111-LAB-1E,212566,25S-SOCIOL-0111-001E,2025-05-02 05:25:32 UTC,1,it has two sum of degrees,1.0,co-membership,1.0,"","","","","","","","","","","","","","","","",strong,1.0,"","","","",weak,0.0,"","","","","","","","",The brain,1.0,"","",Indegree,1.0,"","",Mutual,1.0,Subset,1.0,Non-existent,0.0,Edges,1.0,Degree,1.0,"","","","","","","","",Incident,1.0,"","",Receiver,1.0,"","","","","","","","","","","","",Destination,1.0,Geodesic Distance,1.0,"","","","",weakly,1.0,Role Relation,0.0,Being in the same class,1.0,Asymmetric,1.0,"","","","","","","","","","",Antisymmetric,1.0,Antisymmetric,1.0,Support clique,0.0,neocortex; group,0.0,"","","","","","",at least two components,1.0,"","","","",vertices,1.0,"","","","",row or column sums,1.0,"","",the rows not the columns,1.0,"","","","",either rows or columns,1.0,"","","","",Betweenness centrality,1.0,"","","","",column,1.0,"","","","","","","","","","",simmelian,1.0,"","","","","","",Advice,0.0,"source, destination",1.0,Neighborhood,1.0,"","","edges, edge-deleted",1.0,Vertices,1.0,"","","","","","",Length,1.0,Inner,1.0,"","",Giving advice,1.0,"","","","","","","","","","","","",Support clique,1.0,"","","","","","","","",Indegree centrality,1.0,Betweenness,1.0,"","",all the other answers are correct,1.0,"","","","","","","","",co-membership,0.0,"","","","","","",novel,1.0,Theory,1.0,"","",People,1.0,"","","","",An Edge,1.0,"","",Common neighbor,1.0,"","","","",path,0.0,"","",semicycle,1.0,mutually,1.0,Three,1.0,"","",Asymmetric,1.0,"","",Symmetric,1.0,"","","","",Energy,0.0,"","",subgraph,1.0,edges,1.0,"","",Indegree Centrality,0.0,Closeness centrality,1.0,"","","","","","",row,1.0,bipartite,1.0,affiliation,1.0,"","","","","","","","","","","","","","","","",12-15 people,1.0,giant component,1.0,"","","","","","","","",two sets of vertices and one set of edges,1.0,disjoint,1.0,"","","","","","",Social,1.0,Intersection,1.0,unilaterally,1.0,"","",Role Relation,1.0,"","","","","","","","","","",disconnected,1.0,"","",bipartite,1.0,"","","","","","","","","","",many,1.0,Symmetric,1.0,"","","","","","",65,10,65.0
"PEDACE, MELISSA",84639,606046956,25S-SOCIOL-111-LAB-1D,212558,25S-SOCIOL-0111-001D,2025-05-02 05:20:27 UTC,1,it has two sum of degrees,1.0,"","","","","","","","",Scientists and the papers they write,1.0,"","","","","","",People and the friends they have,1.0,strong,1.0,"","","","","","","","","","",Astrological,1.0,"","","","","","","","",Asymmetric,1.0,"","",Subset,1.0,"","",Edges,1.0,Degree,1.0,"","","","","","",Nonadjacent,1.0,Incident,1.0,Adjacent,1.0,"","","","","","",eccentricity,1.0,"","",path,0.0,"","",Destination,1.0,"","","","",Cycle,1.0,"","","","","","","","","","","Asymmetric, symmetric, antisymmetric",0.0,Interaction,1.0,"","",Symmetric,1.0,"","",Asymmetric,0.0,"","",neocortex; group,0.0,"","",Affinity group,0.0,"","","","",connected,1.0,"","","","",connected,1.0,Harmonic,1.0,"","","","","","","","","","",either rows or columns,1.0,"","","","",Betweenness centrality,1.0,"","","","","","","","","","","","","","","","","","","","","","","","","","","","","","",adjacent,1.0,"vertices, edge-deleted",0.0,"","",Vertex,1.0,Empirical,1.0,Isolate,1.0,Length,1.0,Inner,1.0,"","","","",Interaction,1.0,"","","","","","",Interaction,1.0,Interaction,0.0,Support clique,1.0,"","",disconnected,1.0,"","","","","","",Betweenness,1.0,Indegree,1.0,"","","","","","","","","","",group overlap,1.0,"","",Intimacy,1.0,"","","","","","",Tik Tok,1.0,"","",Schools,1.0,"","","","",Null,1.0,"","",Isolates,1.0,"","","","","","",cycle,0.0,mutually,1.0,Three,1.0,"","",Asymmetric,1.0,symmetric,1.0,"","",Similarity,1.0,"","",Monetary,1.0,"","","","",edges,1.0,Degree centrality,1.0,Closeness centrality,1.0,"","","","",Betweenness centrality,1.0,"","","","",bipartite,1.0,affiliation,1.0,"","",the transpose,1.0,support clique,0.0,"","","","",Analysis,0.0,"","","","","","",giant component,1.0,"","",Betweenness centrality,0.0,"","",the number of edges,1.0,two sets of vertices and one set of edges,1.0,"","","","","","","","",Social,1.0,Intersection,1.0,"","",diameter,1.0,"","",Sympathy group,0.0,"","","","","","","","",disconnected,1.0,"","","","","","","","",n = q,1.0,"","","","",many,1.0,"","",bridges,1.0,"","","","",63,12,63.0
"HU, LIWEN",204104,906515753,25S-SOCIOL-111-LAB-1E,212566,25S-SOCIOL-0111-001E,2025-05-02 05:17:12 UTC,1,"","","","","","","","",affiliation,1.0,"","","","",group overlap,1.0,adjacency,1.0,People and the friends they have,1.0,strong,1.0,"","","","",strong,1.0,"","","","",Astrological,1.0,Physics,1.0,"","","","",Indegree,1.0,Asymmetric,1.0,"","",Subset,1.0,"","",Edges,1.0,Degree,1.0,outdegree,1.0,Union,1.0,"","","","","","","","","","","","","","","","","","","","","","","","",Geodesic Distance,1.0,strongly,1.0,"","",weakly,1.0,"","","","",Asymmetric,1.0,Symmetric,1.0,"","",Interaction,1.0,"","","","","","",Antisymmetric,1.0,Sympathy group,1.0,"","",45 - 50 people,1.0,Active network,1.0,120-150 people,1.0,at least two components,1.0,"","","","","","","","","","",row or column sums,1.0,"","","","","","",Outdegree centrality,1.0,either rows or columns,1.0,All of the other answers are correct,1.0,Outdegree,1.0,"","","","","","","","",off-diagonal,1.0,"","","","","","","","","","",weak,1.0,"","","","","","","source, destination",1.0,"","",adjacent,1.0,"","","","",Vertex,1.0,Empirical,1.0,"","",Length,1.0,Inner,1.0,length,1.0,"","","","",Antisymmetric,1.0,"","","","","","","","","","","","",disconnected,1.0,"","","","","","","","","","",all the other answers are correct,1.0,closeness,1.0,"","","","","","",group overlap,1.0,"","","","","","","","","","","","","","",Schools,1.0,Carrier,1.0,"","",Null,1.0,Common neighbor,1.0,"","",Transmitter,1.0,"","",Origin,1.0,"","",mutually,1.0,Three,1.0,Asymmetric,1.0,"","",symmetric,1.0,"","","","","","","","","","",none of the other answers apply,0.0,edges,1.0,"","","","","","",edges,0.0,Betweenness centrality,1.0,"","","","","","","","",affiliation,1.0,the transpose,1.0,active network,1.0,"","","","",Analysis,0.0,Asymmetric,1.0,Role Relation,1.0,"","","","","","","","","","","","","","","","","","",weak tie principle,1.0,"","",Social,1.0,"","",unilaterally,1.0,"","",Role Relation,1.0,Affinity group,1.0,connected,1.0,"","","","","","",disconnected,1.0,"","","","",diagonal,1.0,"","",n = q,1.0,"","","","","","","","","","","","","","",72,3,72.0
"SEBOLT, FAITH",46467,405767754,25S-SOCIOL-111-LAB-1A,212578,25S-SOCIOL-0111-001A,2025-05-02 05:16:33 UTC,1,it has two sum of degrees,1.0,"","","","",diagonal,1.0,"","","","",co-membership,1.0,"","",adjacency,1.0,"","","","","","",Granovetter-transitivity,1.0,"","","","",Communication,1.0,"","","","","","","","",Indegree,1.0,"","","","",Subset,1.0,The empty set,1.0,Edges,1.0,Degree,1.0,"","",Union,1.0,"","","","",Adjacent,0.0,"","",Receiver,1.0,"","","","","","","","",semitpath,1.0,"","","","","","",strongly,1.0,"","",weakly,1.0,Similarity,1.0,"","",Asymmetric,1.0,Symmetric,1.0,"","","","",Symmetric,1.0,Symmetric,1.0,"","",Antisymmetric,1.0,Sympathy group,1.0,neocortex; group,0.0,"","","","",120-150 people,1.0,at least two components,1.0,connected,1.0,path,1.0,"","","","","","","","","","","","","","","","","","",All of the other answers are correct,1.0,Outdegree,1.0,"","","","","","",column,1.0,"","","","","","","","","","","","","","","","","","",Advice,0.0,"source, destination",1.0,"","","","","edges, edge-deleted",1.0,"","",Vertex,1.0,Empirical,1.0,Isolate,1.0,"","",Inner,1.0,length,1.0,"","","","","","",Asymmetric,1.0,"","",Interaction,1.0,"","",Support clique,1.0,4-5 people,1.0,"","","","","","",Closeness centrality,0.0,Betweenness,1.0,Indegree,1.0,all the other answers are correct,1.0,"","",Degree centrality,1.0,"","",both people and groups,0.0,"","",off-diagonal,1.0,Intimacy,1.0,"","","","",Theory,1.0,"","","","",Schools,1.0,Carrier,1.0,"","","","","","",Isolates,1.0,"","",semitpath,1.0,Origin,1.0,semicycle,1.0,mutually,1.0,"","","","","","","","","","","","",Symmetric,1.0,"","","","",subgraph,1.0,"","","","","","",Betweenness centrality,0.0,nodes,1.0,"","",star,1.0,row,1.0,"","","","","","","","",none of the other answers apply,0.0,"","","","","","","","","","","","","","","","","","",adjacency,0.0,the number of edges,1.0,"","","","",Frequency of activation,1.0,"","","","","","","","","","",diameter,1.0,"","","","","","",All of these are properties of strong ties,1.0,"","","","",disconnected,1.0,"","","","","","","","","","","","",Tie,1.0,"","",Symmetric,1.0,"","","","","","",67,8,67.0
"MORALES, KASANDRA",69325,405993506,25S-SOCIOL-111-LAB-1D,212558,25S-SOCIOL-0111-001D,2025-05-02 05:05:37 UTC,1,"","",co-membership,1.0,"","","","","","","","","","","","",adjacency,1.0,"","","","","","","","","","",more,1.0,Communication,1.0,"","","","","","","","","","","","",Mutual,1.0,Subset,1.0,"","",Edges,1.0,"","",outdegree,1.0,"","",empty,1.0,Nonadjacent,1.0,Incident,1.0,"","","","","","","","","","","","",semitpath,1.0,cycles,1.0,"","",Geodesic Distance,1.0,strongly,1.0,"","","","","","",Being in the same class,1.0,"","","","","Symmetric, asymmetric, antisymmetric",0.0,"","",Symmetric,1.0,"","","","","","",Sympathy group,1.0,"","","","","","",120-150 people,1.0,at least two components,1.0,connected,1.0,"","",vertices,1.0,"","","","","","",(N-1)(N-2),1.0,"","","","",Outdegree centrality,1.0,"","","","","","",Betweenness centrality,1.0,"","","","","","",off-diagonal,1.0,"","","","",Duration,1.0,"","","","","","","","","","","","","source, destination",1.0,Neighborhood,1.0,adjacent,1.0,"","","","",Vertex,1.0,Empirical,1.0,"","","","","","",length,1.0,"","",Interaction,1.0,"","",Asymmetric,1.0,"","","","","","","","",4-5 people,1.0,disconnected,1.0,Adjacency,0.0,"","",Indegree centrality,1.0,Betweenness,1.0,Outdegree,0.0,"","","","",Degree centrality,1.0,"","",people,1.0,"","","","","","","","","","",Theory,1.0,Tik Tok,1.0,"","","","",Carrier,1.0,An Edge,1.0,"","","","","","",Transmitter,1.0,semitpath,1.0,Origin,1.0,semicycle,1.0,"","","","","","",Asymmetric,1.0,"","","","",Similarity,1.0,"","","","","","","","","","",Degree centrality,1.0,"","","","",edges,0.0,"","","","",row,1.0,"","","","",affiliation,1.0,the transpose,1.0,"","","","","","","","","","",Role Relation,1.0,12-15 people,1.0,"","",path,1.0,"","",co-membership,1.0,"","","","",disjoint,1.0,"","","","","","",Social,1.0,"","",unilaterally,1.0,diameter,1.0,Role Relation,1.0,Affinity group,1.0,"","","","",Astrophysics,1.0,Being somebody’s boss,1.0,"","","","","","","","",weak,1.0,n = q,1.0,strength,1.0,"","",many,1.0,"","","","","","","","",71,4,71.0
"RIZKALLA, EMILY",121809,206233097,25S-SOCIOL-111-LAB-1B,212554,25S-SOCIOL-0111-001B,2025-05-02 05:05:29 UTC,1,"","","","","","",diagonal,1.0,"","","","","","",group overlap,1.0,"","","","","","","","","","","","","","",Communication,1.0,"","","","",The brain,1.0,"","",Indegree,1.0,"","","","","","",The empty set,1.0,Edges,1.0,Degree,1.0,outdegree,1.0,Union,1.0,empty,1.0,Nonadjacent,1.0,Incident,1.0,Adjacent,1.0,"","","","",maximum,1.0,eccentricity,1.0,weakly,1.0,"","","","","","","","","","",Cycle,1.0,weakly,1.0,"","","","","","","","","","",Interaction,1.0,Symmetric,1.0,Symmetric,1.0,Asymmetric,0.0,"","","","",neocortex; group,0.0,45 - 50 people,1.0,Active network,1.0,"","","","",connected,1.0,path,1.0,"","","","","","",row or column sums,1.0,"","",the rows not the columns,1.0,"","","","","","",All of the other answers are correct,1.0,"","",Betweenness centrality,1.0,"","",m x p,1.0,column,1.0,"","","","","","",Duration,1.0,"","",simmelian,1.0,"","","","","","","","","","",Neighborhood,1.0,"","","","","","","","","","",Isolate,1.0,Length,1.0,"","","","","","",Interaction,1.0,Symmetric,0.0,Asymmetric,1.0,"","","","","","",Support clique,1.0,"","","","",Geodesic Distance,1.0,"","","","","","",Indegree,1.0,all the other answers are correct,1.0,"","",Degree centrality,1.0,"","",people,1.0,"","",off-diagonal,1.0,Intimacy,1.0,"","","","","","",Tik Tok,1.0,"","","","",Carrier,1.0,"","",Null,1.0,"","","","",Transmitter,1.0,semitpath,1.0,"","",semicycle,1.0,mutually,1.0,"","","","",Asymmetric,1.0,"","","","",Similarity,1.0,"","","","",component,1.0,"","","","",Degree centrality,1.0,"","","","","","",Betweenness centrality,1.0,"","","","","","",affiliation,1.0,"","",the transpose,1.0,"","","","","","",Measurement,1.0,Asymmetric,1.0,"","",12-15 people,1.0,giant component,1.0,"","","","","","","","","","","","","","","","","","",Social,1.0,"","","","",diameter,1.0,"","","","",connected,1.0,"","","","","","","","","","",bipartite,1.0,diagonal,1.0,"","","","",strength,1.0,"","","","","","",bridges,1.0,"","","","",72,3,72.0
"HYUN, RACHAEL",198181,606459942,25S-SOCIOL-111-LAB-1D,212558,25S-SOCIOL-0111-001D,2025-05-02 05:03:50 UTC,1,"","","","","","",diagonal,1.0,"","","","","","","","","","",People and the friends they have,1.0,"","","","","","","","","","","","","","",Physics,1.0,The brain,1.0,"","","","",Asymmetric,1.0,Mutual,1.0,"","","","",Edges,1.0,"","","","",Union,1.0,empty,1.0,Nonadjacent,1.0,Incident,1.0,"","",Receiver,1.0,"","","","","","",weakly,1.0,"","","","","","","","","","",Cycle,1.0,"","","","","","","","",Symmetric,1.0,"","","","","","",Symmetric,1.0,Antisymmetric,1.0,Antisymmetric,1.0,"","",neocortex; group,0.0,"","","","",120-150 people,1.0,"","",connected,1.0,"","","","","","",Harmonic,1.0,"","","","","","",the columns not the rows,1.0,"","","","","","","","","","","","",m x p,1.0,column,1.0,"","","","",groups,1.0,"","",weak,1.0,"","","","","","","","",People,1.0,"","",Neighborhood,1.0,"","","edges, edge-deleted",1.0,"","",Vertex,1.0,Empirical,1.0,"","",Length,1.0,"","",length,1.0,Giving advice,1.0,"","","","",Asymmetric,1.0,"","",Interaction,1.0,"","","","",4-5 people,1.0,disconnected,1.0,Geodesic Distance,1.0,N - 1,1.0,Indegree centrality,1.0,"","",Indegree,1.0,"","","","","","",n x n,1.0,"","",group overlap,1.0,"","","","",strong,1.0,"","","","","","","","","","",Carrier,1.0,An Edge,1.0,"","","","","","",Transmitter,1.0,semitpath,1.0,Origin,1.0,"","",mutually,1.0,Three,1.0,"","",Asymmetric,1.0,"","","","","","","","",Monetary,1.0,component,1.0,"","",edges,1.0,Degree centrality,1.0,"","","","",edges,0.0,"","",star,1.0,"","","","","","","","",the transpose,1.0,active network,1.0,"","","","","","",Asymmetric,1.0,Role Relation,1.0,12-15 people,1.0,"","",path,1.0,"","",co-membership,1.0,"","",two sets of vertices and one set of edges,1.0,"","","","",weak tie principle,1.0,"","",Social,1.0,"","",unilaterally,1.0,diameter,1.0,"","","","",connected,1.0,All of these are properties of strong ties,1.0,"","","","","","","","","","","","","","","","","","",Tie,1.0,"","","","","","","","","","",73,2,73.0
"MAY, IAN",211686,106563427,25S-SOCIOL-111-LAB-1D,212558,25S-SOCIOL-0111-001D,2025-05-02 05:01:50 UTC,1,"","","","","","",diagonal,1.0,"","",Scientists and the papers they write,1.0,"","","","","","","","","","","","","","",weak,0.0,"","",Communication,1.0,"","","","","","","","",Indegree,1.0,Asymmetric,1.0,Mutual,1.0,Subset,1.0,The empty set,1.0,Nodes,0.0,"","",outdegree,1.0,"","","","",Nonadjacent,1.0,"","",Adjacent,1.0,Receiver,1.0,"","",average,0.0,eccentricity,1.0,"","","","","","","","","","","","",Cycle,1.0,weakly,1.0,Similarity,1.0,"","","","","","","","","","","","",Symmetric,1.0,"","",Asymmetric,0.0,Sympathy group,1.0,neocortex; group,0.0,"","","","","","","","",connected,1.0,"","","","",connected,1.0,"","","","",N-1,0.0,"","",the columns not the rows,1.0,"","","","","","",Outdegree,1.0,"","","","",m x p,1.0,"","",off-diagonal,1.0,"","","","","","","","","","","","",strongly,1.0,"","",People,1.0,"","",Neighborhood,1.0,adjacent,1.0,"","","","","","","","",Isolate,1.0,Length,1.0,Source,0.0,"","",Being somebody’s boss,0.0,Role Relation,0.0,"","",Asymmetric,1.0,"","",Interaction,1.0,"","","","","","","","","","","","",Indegree centrality,1.0,Betweenness,1.0,"","","","","","","","","","","","","","",off-diagonal,1.0,Intimacy,1.0,"","","","","","","","",People,1.0,"","","","","","","","",Common neighbor,1.0,"","",Transmitter,1.0,path,0.0,Origin,1.0,cycle,0.0,"","",Three,1.0,"","",Asymmetric,1.0,"","","","","","",Symmetric,1.0,Monetary,1.0,"","",subgraph,1.0,edges,1.0,Degree centrality,1.0,"","",Closeness centrality,1.0,edges,0.0,"","","","","","","","",affiliation,1.0,"","","","","","","","","","","","","","","","",12-15 people,1.0,"","",path,1.0,"","",co-membership,1.0,the number of edges,1.0,two sets of vertices and one set of edges,1.0,"","","","","","",strong,0.0,Social,1.0,"","","","","","",Role Relation,1.0,Affinity group,1.0,"","","","","","","","",disconnected,1.0,Weakly Connected,1.0,"","","","","","",n = q,1.0,"","",Tie,1.0,"","","","",bridges,1.0,"","","","",62,13,62.0
"SAMPLE, PAYTON",88655,105617761,25S-SOCIOL-111-LAB-1B,212554,25S-SOCIOL-0111-001B,2025-05-02 04:58:32 UTC,1,it has two sum of degrees,1.0,"","","","","","","","","","","","","","","","",People and the friends they have,1.0,"","","","","","","","","","",Communication,1.0,Astrological,1.0,"","",The brain,1.0,"","",Indegree,1.0,"","",Mutual,1.0,Subset,1.0,"","","","","","","","","","",empty,1.0,Nonadjacent,1.0,Incident,1.0,"","",Receiver,1.0,Adjacent,1.0,"","","","","","",path,0.0,"","",Destination,1.0,Diameter,0.0,strongly,1.0,Cycle,1.0,"","",Similarity,1.0,"","",Asymmetric,1.0,Symmetric,1.0,"Asymmetric, symmetric, antisymmetric",0.0,"","","","",Symmetric,1.0,"","","","","","","","","","",Active network,1.0,"","","","","","",path,1.0,vertices,1.0,"","",Harmonic,1.0,row or column sums,1.0,"","","","","","","","",either rows or columns,1.0,"","","","",Betweenness centrality,1.0,"","","","","","","","","","",groups,1.0,"","",weak,1.0,"","","","","","","","","","","","",Neighborhood,1.0,"","","","",Vertices,1.0,"","","","","","","","","","","","","","","","",Antisymmetric,1.0,"","",Asymmetric,1.0,"","","","",Support clique,1.0,4-5 people,1.0,disconnected,1.0,"","","","",Indegree centrality,1.0,"","","","","","","","","","",n x n,1.0,"","","","",off-diagonal,1.0,"","",strong,1.0,"","","","","","","","",Schools,1.0,"","",An Edge,1.0,Null,1.0,Common neighbor,1.0,"","",Transmitter,1.0,path,0.0,"","","","",mutually,1.0,Three,1.0,"","","","",symmetric,1.0,"","",Similarity,1.0,Symmetric,1.0,Monetary,1.0,component,1.0,"","",edges,1.0,"","",Closeness centrality,1.0,Closeness centrality,1.0,nodes,1.0,"","","","","","",bipartite,1.0,affiliation,1.0,affiliation,1.0,the transpose,1.0,"","","","",weak,1.0,Analysis,0.0,"","","","",12-15 people,1.0,"","",component,0.0,"","","","","","","","","","","","","","","","","","",Intersection,1.0,weakly,0.0,diameter,1.0,"","","","","","","","","","","","","","",Weakly Connected,1.0,"","",diagonal,1.0,"","","","",reciprocity,0.0,"","","","","","","","",A and C only,1.0,"","",67,8,67.0
"MORALES CONRADO, KELLY",51932,505715892,25S-SOCIOL-111-LAB-1B,212554,25S-SOCIOL-0111-001B,2025-05-02 04:56:14 UTC,1,"","","","",bipartite,1.0,"","","","",Neurons and the other neurons they connect to,0.0,"","","","","","","","",strong,1.0,"","",Granovetter-transitivity,1.0,"","","","","","",Astrological,1.0,"","","","","","",Indegree,1.0,"","",Mutual,1.0,"","","","",Edges,1.0,Degree,1.0,"","",Union,1.0,node-deleted,0.0,Nonadjacent,1.0,Incident,1.0,Adjacent,1.0,"","",Adjacent,1.0,"","",eccentricity,1.0,"","",semitpath,1.0,cycles,1.0,Destination,1.0,"","","","",Cycle,1.0,weakly,1.0,"","","","","","","","","Asymmetric, symmetric, antisymmetric",0.0,"","",Symmetric,1.0,Symmetric,1.0,"","",Asymmetric,0.0,Sympathy group,1.0,neocortex; group,0.0,"","","","","","","","","","","","",vertices,1.0,"","","","",row or column sums,1.0,(N-1)(N-2),1.0,the rows not the columns,1.0,the columns not the rows,1.0,Outdegree centrality,1.0,"","","","","","","","","","","","","","",off-diagonal,1.0,m x m,1.0,groups,1.0,"","","","","","","","","","","","","","","source, destination",1.0,Neighborhood,1.0,"","","","","","",Vertex,1.0,"","","","","","",Inner,1.0,length,1.0,"","","","",Antisymmetric,1.0,Asymmetric,1.0,Asymmetric,1.0,Interaction,1.0,"","",Support clique,1.0,"","",disconnected,1.0,"","","","","","","","",Indegree,1.0,"","",closeness,1.0,Degree centrality,1.0,"","",people,1.0,"","","","","","","","","","","","","","","","",Schools,1.0,Carrier,1.0,"","",Null,1.0,"","","","","","","","","","",semicycle,1.0,"","","","","","",Asymmetric,1.0,"","","","","","","","",Monetary,1.0,component,1.0,subgraph,1.0,"","","","","","","","","","","","",complete,0.0,row,1.0,"","",affiliation,1.0,"","","","","","",Granovetter-transitivity,1.0,"","","","",Asymmetric,1.0,"","",12-15 people,1.0,giant component,1.0,"","","","","","",the number of edges,1.0,two sets of vertices and one set of edges,1.0,"","",Frequency of activation,1.0,"","","","",Social,1.0,"","",weakly,0.0,"","","","","","","","",All of these are properties of strong ties,1.0,Astrophysics,1.0,"","","","",Weakly Connected,1.0,"","","","","","","","","","",Tie,1.0,"","","","","","","","","","",68,7,68.0
"SU'EMAI, LYVANTE",50693,805680457,25S-SOCIOL-111-LAB-1D,212558,25S-SOCIOL-0111-001D,2025-05-02 04:49:49 UTC,1,"","","","",bipartite,1.0,"","","","","","","","","","",adjacency,1.0,"","",strong,1.0,"","","","","","","","","","",Astrological,1.0,"","","","","","",Indegree,1.0,"","","","",Subset,1.0,"","",Edges,1.0,Degree,1.0,"","",Union,1.0,empty,1.0,"","","","",Adjacent,1.0,Receiver,1.0,"","",maximum,1.0,eccentricity,1.0,"","",semitpath,1.0,"","",Endpoint,0.0,"","","","","","","","",Similarity,1.0,"","",Antisymmetric,0.0,"","","","","","","","","","","","","","",Sympathy group,1.0,neocortex; group,0.0,45 - 50 people,1.0,"","","","","","",connected,1.0,path,1.0,"","",connected,1.0,Harmonic,1.0,"","","","","","",the columns not the rows,1.0,Outdegree centrality,1.0,"","",All of the other answers are correct,1.0,"","",Betweenness centrality,1.0,"","","","","","","","","","","","","","","","","","",weak,1.0,"","","","",People,1.0,"","",Neighborhood,1.0,"","","","",Vertices,1.0,"","",Empirical,1.0,Isolate,1.0,"","",Inner,1.0,length,1.0,Being somebody’s boss,0.0,"","","","","","",Reciprocal,0.0,Interaction,1.0,Similarity,1.0,"","","","",disconnected,1.0,"","","","","","","","","","","","","","","","",m x m,0.0,people,1.0,co-membership,0.0,"","","","","","",novel,1.0,Theory,1.0,"","",People,1.0,"","",Carrier,1.0,"","",Null,1.0,"","","","","","",path,0.0,"","","","",mutually,1.0,Four,0.0,"","","","","","",Symmetric,1.0,"","","","","","","","","","",edges,1.0,Degree centrality,1.0,"","","","","","","","",star,1.0,"","",bipartite,1.0,"","",affiliation,1.0,"","","","","","",weak,1.0,Measurement,1.0,Antisymmetric,0.0,"","",12-15 people,1.0,"","",path,1.0,Closeness centrality,1.0,"","","","",two sets of vertices and one set of edges,1.0,"","","","","","","","","","",Intersection,1.0,"","",diameter,1.0,Role Relation,1.0,Affinity group,1.0,"","","","","","","","","","",Weakly Connected,1.0,"","",diagonal,1.0,"","",n = q,1.0,strength,1.0,"","","","",Symmetric,1.0,"","","","","","",65,10,65.0
"PROBST, SARAH",207330,706509277,25S-SOCIOL-111-LAB-1D,212558,25S-SOCIOL-0111-001D,2025-05-02 04:45:33 UTC,1,"","","","",bipartite,1.0,"","",affiliation,1.0,"","",co-membership,1.0,"","","","","","","","","","","","","","","","",Communication,1.0,Astrological,1.0,"","","","","","","","",Asymmetric,1.0,"","","","",The empty set,1.0,Edges,1.0,Degree,1.0,"","","","",empty,1.0,Nonadjacent,1.0,Incident,1.0,"","",Receiver,1.0,"","","","",eccentricity,1.0,weakly,1.0,semitpath,1.0,"","","","","","","","",Cycle,1.0,weakly,1.0,"","",Being in the same class,1.0,"","","","","Asymmetric, symmetric, antisymmetric",0.0,"","",Symmetric,1.0,"","","","","","",Sympathy group,1.0,"","","","",Active network,1.0,120-150 people,1.0,"","","","","","",vertices,1.0,"","",Harmonic,1.0,"","","","","","","","",Outdegree centrality,1.0,"","",All of the other answers are correct,1.0,"","",Betweenness centrality,1.0,"","","","","","","","",m x m,1.0,"","","","","","","","",weak,1.0,strongly,1.0,"","","","","source, destination",1.0,"","",adjacent,1.0,"","","","","","","","",Isolate,1.0,Length,1.0,Inner,1.0,"","","","",Interaction,1.0,"","",Asymmetric,1.0,"","","","",Interaction,0.0,"","",4-5 people,1.0,"","","","","","",Indegree centrality,1.0,Betweenness,1.0,"","","","","","","","","","",people,1.0,group overlap,1.0,"","","","","","",novel,1.0,Theory,1.0,"","","","","","",Carrier,1.0,"","","","",Common neighbor,1.0,Isolates,1.0,"","",semitpath,1.0,"","",semicycle,1.0,mutually,1.0,"","","","","","",symmetric,1.0,"","","","",Symmetric,1.0,"","","","",subgraph,1.0,"","","","","","","","",edges,0.0,Betweenness centrality,1.0,"","","","",bipartite,1.0,"","","","","","","","","","","","","","",Asymmetric,1.0,"","","","",giant component,1.0,path,1.0,Closeness centrality,1.0,co-membership,1.0,"","","","","","",Frequency of activation,1.0,"","","","",Social,1.0,Intersection,1.0,"","","","","","",Affinity group,1.0,"","","","","","",Being somebody’s boss,1.0,disconnected,1.0,Weakly Connected,1.0,bipartite,1.0,"","","","",n = q,1.0,"","",Tie,1.0,"","","","",bridges,1.0,"","","","",72,3,72.0
"PIMENTEL, GLORIA",199893,306509477,25S-SOCIOL-111-LAB-1E,212566,25S-SOCIOL-0111-001E,2025-05-02 04:34:02 UTC,1,"","","","",bipartite,1.0,"","","","","","","","","","","","","","","","","","","","","","","","",Communication,1.0,"","","","","","",Actors,1.0,"","","","","","",Subset,1.0,The empty set,1.0,"","","","",outdegree,1.0,"","","","",Nonadjacent,1.0,"","",Adjacent,1.0,Receiver,1.0,"","","","",eccentricity,1.0,weakly,1.0,semitpath,1.0,"","","","",Geodesic Distance,1.0,"","",Cycle,1.0,"","",Similarity,1.0,"","","","","","","","",Interaction,1.0,"","","","","","","","","","","","","","",Active network,1.0,"","","","","","",path,1.0,vertices,1.0,connected,1.0,"","",row or column sums,1.0,(N-1)(N-2),1.0,the rows not the columns,1.0,"","",Outdegree centrality,1.0,"","","","","","",Betweenness centrality,1.0,"","",m x p,1.0,"","",off-diagonal,1.0,"","","","",Duration,1.0,"","",simmelian,1.0,weak,1.0,strongly,1.0,Geology,1.0,People,1.0,"","","","","","","","","","",Vertex,1.0,Empirical,1.0,Isolate,1.0,"","","","",length,1.0,"","",Role Relation,0.0,Symmetric,0.0,Asymmetric,1.0,"","",Interaction,1.0,Similarity,1.0,"","",4-5 people,1.0,"","","","","","",Indegree centrality,1.0,"","",Indegree,1.0,"","",closeness,1.0,"","","","",people,1.0,"","","","","","","","",novel,1.0,"","","","","","","","",Carrier,1.0,"","",Null,1.0,Common neighbor,1.0,Isolates,1.0,Isolate,0.0,path,0.0,Origin,1.0,semicycle,1.0,"","",Three,1.0,"","","","",asymmetric,0.0,"","",Similarity,1.0,Symmetric,1.0,Monetary,1.0,"","","","","","","","",Closeness centrality,1.0,"","","","","","","","",row,1.0,"","","","","","",the transpose,1.0,"","","","","","","","","","","","",12-15 people,1.0,giant component,1.0,path,1.0,"","",co-membership,1.0,"","","","",disjoint,1.0,"","","","","","","","",Intersection,1.0,"","","","","","","","","","","","",Astrophysics,1.0,"","","","",Weakly Connected,1.0,"","",diagonal,1.0,"","",n = q,1.0,"","","","","","","","","","","","",45-50 people,0.0,69,6,69.0
"SENG-LAY, LUNA",93672,504486496,25S-SOCIOL-111-LAB-1B,212554,25S-SOCIOL-0111-001B,2025-05-02 04:33:50 UTC,1,"","","","",bipartite,1.0,"","","","",Scientists and the papers they write,1.0,"","",group overlap,1.0,"","","","","","","","","","",strong,1.0,"","",Communication,1.0,Astrological,1.0,"","","","",Actors,1.0,"","","","","","",Subset,1.0,The empty set,1.0,"","","","","","",Union,1.0,empty,1.0,"","","","",Adjacent,1.0,Receiver,1.0,Adjacent,1.0,"","","","",weakly,1.0,semitpath,1.0,"","",Destination,1.0,Geodesic Distance,1.0,strongly,1.0,Cycle,1.0,weakly,1.0,Similarity,1.0,"","","","","","","Asymmetric, symmetric, antisymmetric",0.0,Interaction,1.0,Symmetric,1.0,"","","","","","","","","","","","",Active network,1.0,120-150 people,1.0,"","","","","","",vertices,1.0,"","",Harmonic,1.0,"","","","",the rows not the columns,1.0,"","","","","","",All of the other answers are correct,1.0,"","",Betweenness centrality,1.0,"","","","","","","","",m x m,1.0,groups,1.0,"","","","","","","","","","","","",People,1.0,"","","","","","","","",Vertices,1.0,Vertex,1.0,"","",Isolate,1.0,Length,1.0,"","",length,1.0,"","","","","","","","",Asymmetric,1.0,Interaction,1.0,Similarity,1.0,Support clique,1.0,4-5 people,1.0,"","","","","","",Indegree centrality,1.0,Betweenness,1.0,"","","","","","",Degree centrality,1.0,"","",people,1.0,group overlap,1.0,"","","","","","","","","","","","","","","","","","","","",Null,1.0,Common neighbor,1.0,Isolates,1.0,Transmitter,1.0,"","","","",semicycle,1.0,"","","","","","","","","","","","",Similarity,1.0,"","","","",component,1.0,subgraph,1.0,"","","","","","","","","","",Betweenness centrality,1.0,star,1.0,row,1.0,"","","","",affiliation,1.0,"","",active network,1.0,Granovetter-transitivity,1.0,"","",Measurement,1.0,Asymmetric,1.0,"","","","","","","","",Closeness centrality,1.0,co-membership,1.0,"","","","","","","","",weak tie principle,1.0,"","","","",Intersection,1.0,"","","","",Role Relation,1.0,Affinity group,1.0,connected,1.0,"","","","","","",disconnected,1.0,"","","","","","","","","","","","","","","","","","","","",A and C only,1.0,"","",74,1,74.0
"SAAKYAN, ISABELLA",75168,005971648,25S-SOCIOL-111-LAB-1F,212585,25S-SOCIOL-0111-001F,2025-05-02 04:27:49 UTC,1,"","","","","","","","","","","","",co-membership,1.0,co-membership,0.0,"","","","","","",Density,1.0,Simmelian tie theory,0.0,"","","","",Communication,1.0,Astrological,1.0,"","",The brain,1.0,"","",Indegree,1.0,"","","","",Subset,1.0,The empty set,1.0,"","",Degree,1.0,outdegree,1.0,"","",empty,1.0,Nonadjacent,1.0,"","","","","","","","","","",eccentricity,1.0,weakly,1.0,"","","","","","",Geodesic Distance,1.0,strongly,1.0,Cycle,1.0,"","","","","","","","","","","","","","","","",Symmetric,1.0,"","",Antisymmetric,1.0,"","","","","","","","","","","","",connected,1.0,"","","","","","",Harmonic,1.0,row or column sums,1.0,N-1,0.0,the columns not the rows,0.0,"","","","","","","","",Outdegree,1.0,"","",co-membership,0.0,"","","","","","",m x m,1.0,groups,1.0,"","","","","","","","","","",Geology,1.0,"","","source, destination",1.0,"","","","","edges, edge-deleted",1.0,"","","","",Empirical,1.0,Isolate,1.0,Length,1.0,"","",length,1.0,Giving advice,1.0,Interaction,1.0,"","",Asymmetric,1.0,"","",Antisymmetric tie,0.0,Similarity,1.0,Support clique,1.0,"","",disconnected,1.0,Geodesic Distance,1.0,"","","","",Betweenness,1.0,"","","","","","",Degree centrality,1.0,n x n,1.0,"","","","","","","","","","","","","","","","","","","","","","","","",Null,1.0,Common neighbor,1.0,"","",Transmitter,1.0,semitpath,1.0,"","","","",mutually,1.0,Three,1.0,"","",Asymmetric,1.0,symmetric,1.0,"","","","","","",Monetary,1.0,"","",subgraph,1.0,edges,1.0,"","","","","","","","","","","","","","","","","","","","",the transpose,1.0,"","","","",weak,1.0,"","","","",Role Relation,1.0,12-15 people,1.0,giant component,1.0,"","","","","","",the number of edges,1.0,"","",disjoint,1.0,"","",weak tie principle,1.0,"","","","",Intersection,1.0,"","","","","","",Affinity group,1.0,"","","","",Astrophysics,1.0,"","",disconnected,1.0,Weakly Connected,1.0,"","",diagonal,1.0,"","","","",strength,1.0,"","","","","","","","","","",45-50 people,0.0,68,7,68.0
"AL-ZAYADI, KYLE",52803,805502323,25S-SOCIOL-111-LAB-1D,212558,25S-SOCIOL-0111-001D,2025-05-02 04:24:26 UTC,1,it has two sum of degrees,1.0,"","","","","","",affiliation,1.0,"","","","","","","","","","","","","","","","","","","","","","","","","","","","","","",Indegree,1.0,Asymmetric,1.0,Mutual,1.0,"","",The empty set,1.0,"","","","",outdegree,1.0,"","","","","","",Incident,1.0,Adjacent,1.0,Receiver,1.0,Adjacent,1.0,"","","","","","","","",cycles,1.0,Destination,1.0,Geodesic Distance,1.0,"","",Cycle,1.0,weakly,1.0,"","","","","","","","","Asymmetric, antisymmetric, symmetric",0.0,"","",Symmetric,1.0,Symmetric,1.0,"","","","","","","","",45 - 50 people,1.0,"","",120-150 people,1.0,at least two components,1.0,connected,1.0,path,1.0,"","",connected,1.0,Harmonic,1.0,row or column sums,1.0,N(N-1),0.0,"","","","","","",either rows or columns,1.0,All of the other answers are correct,1.0,"","",Betweenness centrality,1.0,"","",m x p,1.0,column,1.0,"","","","",groups,1.0,"","","","","","","","","","","","","","","source, destination",1.0,Neighborhood,1.0,"","","","","","",Vertex,1.0,"","",Isolate,1.0,Length,1.0,"","","","","","",Interaction,1.0,Antisymmetric,1.0,Asymmetric,1.0,Reciprocal,0.0,"","","","",Support clique,1.0,4-5 people,1.0,"","","","",N - 1,1.0,"","","","","","",all the other answers are correct,1.0,"","","","",n x n,1.0,"","",group overlap,1.0,"","",Intimacy,1.0,"","","","","","","","",People,1.0,"","","","","","","","","","",Isolates,1.0,"","","","",Origin,1.0,semicycle,1.0,"","","","","","","","",symmetric,1.0,"","",Asymmetric Tie,0.0,"","",Monetary,1.0,component,1.0,"","","","","","","","","","",edges,0.0,"","","","",row,1.0,"","",affiliation,1.0,"","","","","","","","","","",Measurement,1.0,"","","","","","","","","","","","","","","","","","","","",Frequency of activation,1.0,weak tie principle,1.0,"","",Social,1.0,Intersection,1.0,weakly,0.0,diameter,1.0,Role Relation,1.0,"","","","","","",Astrophysics,1.0,"","","","",Weakly Connected,1.0,"","",diagonal,1.0,weak,1.0,"","","","",Tie,1.0,many,1.0,"","","","","","","","",69,6,69.0
"COLYER, RILEY",122502,306230847,25S-SOCIOL-111-LAB-1C,212555,25S-SOCIOL-0111-001C,2025-05-02 04:22:17 UTC,1,it has two average degrees,0.0,co-membership,1.0,"","","","","","","","","","",group overlap,1.0,adjacency,1.0,"","","","","","","","",strong,1.0,"","","","","","","","","","","","","","",Asymmetric,1.0,Mutual,1.0,"","",The empty set,1.0,Edges,1.0,"","","","",Union,1.0,"","",Nonadjacent,1.0,"","","","","","","","",maximum,1.0,"","",unilaterally,0.0,"","",cycles,1.0,Destination,1.0,"","",strongly,1.0,"","",weakly,1.0,"","",Being in the same class,1.0,Asymmetric,1.0,"","","","","","","","","","","","","","",Affinity group,0.0,neocortex; group,0.0,"","",Active network,1.0,120-150 people,1.0,"","",connected,1.0,path,1.0,vertices,1.0,"","","","",none of the other other answers are correct,0.0,"","",the rows not the columns,1.0,the columns not the rows,1.0,"","","","","","",Outdegree,1.0,Betweenness centrality,1.0,"","","","","","",off-diagonal,1.0,"","",people,0.0,"","","","",simmelian,1.0,"","",strongly,1.0,Geology,1.0,"","","source, destination",1.0,"","",adjacent,1.0,"edges, edge-deleted",1.0,"","",Vertex,1.0,"","",Isolate,1.0,"","",Inner,1.0,"","",Giving advice,1.0,Interaction,1.0,"","","","","","",Interaction,1.0,"","","","","","","","",Geodesic Distance,1.0,"","","","","","",Indegree,1.0,"","","","",Degree centrality,1.0,n x n,1.0,"","","","","","",Intimacy,1.0,"","","","","","",Tik Tok,1.0,"","",Schools,1.0,Transmitter,0.0,An Edge,1.0,"","","","",Isolates,1.0,Transmitter,1.0,semitpath,1.0,Origin,1.0,"","","","","","",Asymmetric,1.0,Asymmetric,1.0,symmetric,1.0,"","",Similarity,1.0,"","",Monetary,1.0,"","","","",edges,1.0,Degree centrality,1.0,"","","","","","","","","","","","","","","","","","",the transpose,1.0,"","","","","","",Measurement,1.0,Asymmetric,1.0,"","","","","","","","","","","","",the number of edges,1.0,"","",overlapping,0.0,"","","","","","",Social,1.0,"","",weakly,0.0,"","","","","","",connected,1.0,"","","","","","",disconnected,1.0,"","","","","","","","","","","","","","","","","","",bridges,1.0,"","","","",66,9,66.0
"MARTINEZ, DENISE",48905,005689089,25S-SOCIOL-111-LAB-1C,212555,25S-SOCIOL-0111-001C,2025-05-02 04:13:30 UTC,1,"","","","","","",diagonal,1.0,"","","","","","","","","","","","","","","","","","","","","","","","",Astrological,1.0,"","","","","","",Indegree,1.0,"","","","",Subset,1.0,"","",Edges,1.0,"","",outdegree,1.0,Union,1.0,"","",Nonadjacent,1.0,"","","","",Receiver,1.0,Adjacent,1.0,"","",eccentricity,1.0,weakly,1.0,semitpath,1.0,"","","","","","",strongly,1.0,"","",weakly,1.0,"","","","",Asymmetric,1.0,"","","Asymmetric, antisymmetric, symmetric",0.0,Interaction,1.0,"","",Symmetric,1.0,Antisymmetric,1.0,Antisymmetric,1.0,"","",neocortex; group,0.0,"","","","",120-150 people,1.0,at least two components,1.0,"","","","","","",connected,1.0,"","","","","","","","","","","","",either rows or columns,1.0,"","","","",Betweenness centrality,1.0,"","",m x p,1.0,"","",off-diagonal,1.0,"","",groups,1.0,"","","","","","","","","","","","","","","source, destination",1.0,Neighborhood,1.0,"","","","","","",Vertex,1.0,"","",Isolate,1.0,Length,1.0,"","","","",Giving advice,1.0,"","",Antisymmetric,1.0,Asymmetric,1.0,"","","","","","",Support clique,1.0,"","",disconnected,1.0,"","",N - 1,1.0,Indegree centrality,1.0,Closeness,0.0,Indegree,1.0,"","","","",Degree centrality,1.0,"","",people,1.0,adjacency,0.0,"","",Intimacy,1.0,"","",novel,1.0,"","","","",People,1.0,Schools,1.0,Carrier,1.0,"","","","",Common neighbor,1.0,"","","","","","","","",semicycle,1.0,"","",Three,1.0,"","","","","","","","",Similarity,1.0,"","","","","","","","","","",Degree centrality,1.0,"","","","",edges,0.0,"","",star,1.0,"","",bipartite,1.0,"","",affiliation,1.0,the transpose,1.0,"","",Granovetter-transitivity,1.0,"","","","","","","","","","",giant component,1.0,"","","","","","","","",two sets of vertices and one set of edges,1.0,"","",Frequency of activation,1.0,"","","","",Social,1.0,Intersection,1.0,unilaterally,1.0,diameter,1.0,"","",Affinity group,1.0,"","",All of these are properties of strong ties,1.0,Astrophysics,1.0,"","",disconnected,1.0,"","","","","","","","","","","","","","","","","","","","","","",45-50 people,0.0,69,6,69.0
"ANVARI-GHASR, CANDICE",196010,305936535,25S-SOCIOL-111-LAB-1F,212585,25S-SOCIOL-0111-001F,2025-05-02 04:13:06 UTC,1,it has two sum of degrees,1.0,co-membership,1.0,"","",diagonal,1.0,"","",Scientists and the papers they write,1.0,"","","","",adjacency,1.0,"","","","","","","","","","","","","","",Astrological,1.0,Physics,1.0,"","","","",Indegree,1.0,Asymmetric,1.0,Mutual,1.0,"","","","",Edges,1.0,"","","","","","","","","","",Incident,1.0,"","",Receiver,1.0,Adjacent,1.0,"","",eccentricity,1.0,weakly,1.0,semitpath,1.0,"","","","","","",strongly,1.0,Cycle,1.0,"","","","","","","","",Symmetric,1.0,"","","","","","","","","","",Asymmetric,0.0,Sympathy group,1.0,"","","","",Active network,1.0,120-150 people,1.0,at least two components,1.0,"","","","","","",connected,1.0,Harmonic,1.0,row or column sums,1.0,"","","","","","","","","","",All of the other answers are correct,1.0,"","","","","","","","","","","","","","",groups,1.0,"","","","",simmelian,1.0,weak,1.0,"","",Geology,1.0,"","","source, destination",1.0,Neighborhood,1.0,adjacent,1.0,"","","","","","",Empirical,1.0,Isolate,1.0,Length,1.0,"","","","","","",Interaction,1.0,"","","","",Asymmetric,1.0,Interaction,1.0,"","","","","","",disconnected,1.0,"","","","","","",Betweenness,1.0,"","","","","","","","","","","","","","",off-diagonal,1.0,Intimacy,1.0,"","",novel,1.0,"","","","","","",Schools,1.0,Carrier,1.0,"","","","",Common neighbor,1.0,"","",Transmitter,1.0,"","",Origin,1.0,semicycle,1.0,"","",Three,1.0,Asymmetric,1.0,"","","","","","","","","","",Monetary,1.0,component,1.0,"","",edges,1.0,"","",Closeness centrality,1.0,"","",edges,0.0,"","",star,1.0,row,1.0,"","","","","","","","",active network,1.0,"","","","",Analysis,0.0,Asymmetric,1.0,"","","","",giant component,1.0,"","",Closeness centrality,1.0,"","","","","","",disjoint,1.0,"","","","","","","","","","","","",diameter,1.0,Role Relation,1.0,"","","","","","","","",Being somebody’s boss,1.0,"","",Weakly Connected,1.0,"","","","","","",n = q,1.0,"","","","","","",Symmetric,1.0,"","","","",12-15 people,1.0,72,3,72.0
"CHAC, XIUYI",128819,906286964,25S-SOCIOL-111-LAB-1A,212578,25S-SOCIOL-0111-001A,2025-05-02 04:10:11 UTC,1,it has two sum of degrees,1.0,"","","","",diagonal,1.0,"","",Scientists and the papers they write,1.0,affiliation,0.0,"","","","","","","","","","","","","","","","",Data Science,0.0,"","","","",The brain,1.0,"","",Indegree,1.0,Asymmetric,1.0,"","","","",The empty set,1.0,Edges,1.0,Degree,1.0,"","","","","","","","",Incident,1.0,Equivalent,0.0,Receiver,1.0,Adjacent,1.0,maximum,1.0,eccentricity,1.0,weakly,1.0,path,0.0,"","",Destination,1.0,"","","","","","","","","","","","",Asymmetric,1.0,Symmetric,1.0,"","","","","","","","","","","","",Affinity group,0.0,"","","","","","",120-150 people,1.0,at least two components,1.0,"","","","",vertices,1.0,connected,1.0,"","","","",(N-1)(N-2),1.0,"","",the columns not the rows,1.0,"","",either rows or columns,1.0,"","","","","","","","","","","","","","","","",groups,1.0,"","","","","","",weak,1.0,"","","","",Advice,0.0,"","",Neighborhood,1.0,adjacent,1.0,"","","","","","","","","","",Length,1.0,"","","","",Being somebody’s boss,0.0,"","","","","","","","","","",Interaction,0.0,Support clique,1.0,"","","","",Geodesic Distance,1.0,"","",Indegree centrality,1.0,"","","","","","",closeness,1.0,"","","","","","",co-membership,0.0,"","","","","","",novel,1.0,"","","","",People,1.0,"","",Isolate,0.0,An Edge,1.0,Null,1.0,Common neighbor,1.0,"","","","","","",Origin,1.0,cycle,0.0,mutually,1.0,"","","","","","","","",Symmetric,1.0,Similarity,1.0,"","","","","","","","","","","","","","","","",edges,0.0,Closeness centrality,0.0,"","","","","","","","",affiliation,1.0,"","","","","","","","","","",Asymmetric,1.0,"","",12-15 people,1.0,giant component,1.0,"","",Closeness centrality,1.0,co-membership,1.0,"","","","",disjoint,1.0,"","","","",weak,1.0,"","","","",strongly,0.0,"","",Role Relation,1.0,"","","","","","","","",Being somebody’s boss,1.0,disconnected,1.0,Strongly Connected,0.0,"","",diagonal,1.0,weak,1.0,"","",strength,1.0,Tie,1.0,"","",Symmetric,1.0,"","","","",45-50 people,0.0,59,16,59.0
"PRECIADO, EMMONI",132909,306231385,25S-SOCIOL-111-LAB-1D,212558,25S-SOCIOL-0111-001D,2025-05-02 04:10:04 UTC,1,"","",co-membership,1.0,"","","","","","","","",co-membership,1.0,group overlap,1.0,"","","","","","","","","","","","","","","","",Astrological,1.0,Physics,1.0,The brain,1.0,"","","","","","","","",Subset,1.0,"","",Edges,1.0,"","",outdegree,1.0,Intersection,0.0,"","",Isolates,0.0,Incident,1.0,Adjacent,1.0,Receiver,1.0,"","","","","","",weakly,1.0,semitpath,1.0,cycles,1.0,Destination,1.0,Geodesic Distance,1.0,"","",Cycle,1.0,"","","","","","",Asymmetric,1.0,"","","Asymmetric, symmetric, antisymmetric",0.0,"","","","","","","","",Antisymmetric,1.0,"","",neocortex; group,0.0,"","",Active network,1.0,120-150 people,1.0,"","","","",path,1.0,components,0.0,connected,1.0,"","","","",N(N-1)/2,0.0,the columns not the rows,0.0,"","","","","","","","","","","","","","",m x p,1.0,"","","","","","","","","","","","","","","","","","","","","","","source, destination",1.0,"","",adjacent,1.0,"","",Vertices,1.0,Link,0.0,Empirical,1.0,Isolate,1.0,Length,1.0,"","","","","","",Interaction,1.0,Antisymmetric,1.0,"","","","","","","","","","","","","","","","","","",Indegree centrality,1.0,"","",Indegree,1.0,Degree centrality,0.0,closeness,1.0,"","","","",groups,0.0,co-membership,0.0,"","","","",strong,1.0,"","","","","","",People,1.0,"","","","","","",Null,1.0,"","","","","","","","",Origin,1.0,"","",mutually,1.0,Three,1.0,"","","","","","","","",Role Relation,0.0,"","",Monetary,1.0,"","","","","","","","","","",Closeness centrality,1.0,"","",Betweenness centrality,1.0,"","","","",bipartite,1.0,"","",affiliation,1.0,"","","","","","","","","","",Asymmetric,1.0,Co-location,0.0,"","",giant component,1.0,"","",Betweenness centrality,0.0,"","","","","","",disjoint,1.0,Intimacy,0.0,"","","","",Social,1.0,"","","","","","",Role Relation,1.0,"","","","",All of these are properties of strong ties,1.0,"","",Being somebody’s boss,1.0,disconnected,1.0,Weakly Connected,1.0,"","",diagonal,1.0,"","","","","","","","",many,1.0,"","","","",A and C only,1.0,12-15 people,1.0,60,15,60.0
"GHUKASYAN, LISA",203682,806509093,25S-SOCIOL-111-LAB-1C,212555,25S-SOCIOL-0111-001C,2025-05-02 04:08:52 UTC,1,it has two sum of degrees,1.0,"","","","",diagonal,1.0,affiliation,1.0,"","","","","","",adjacency,1.0,"","","","","","",Granovetter-transitivity,1.0,strong,1.0,"","",Communication,1.0,"","","","","","","","","","",Asymmetric,1.0,"","","","",The empty set,1.0,"","","","",outdegree,1.0,"","",empty,1.0,Nonadjacent,1.0,Incident,1.0,"","",Receiver,1.0,"","","","","","",weakly,1.0,"","",cycles,1.0,Destination,1.0,"","","","","","","","","","",Being in the same class,1.0,"","","","","Asymmetric, symmetric, antisymmetric",0.0,"","",Symmetric,1.0,"","",Asymmetric,0.0,"","",Affinity group,0.0,"","","","","","","","",at least two components,1.0,"","",path,1.0,vertices,1.0,"","","","","","",(N-1)(N-2),1.0,the rows not the columns,1.0,the columns not the rows,1.0,"","","","",All of the other answers are correct,1.0,Outdegree,1.0,"","","","",m x p,1.0,"","","","","","","","","","",weak,1.0,"","",weak,1.0,"","","","",People,1.0,"","","","","","","edges, edge-deleted",1.0,Vertices,1.0,Vertex,1.0,Empirical,1.0,Isolate,1.0,Length,1.0,Inner,1.0,length,1.0,Giving advice,1.0,"","","","","","","","",Interaction,1.0,"","","","",4-5 people,1.0,"","","","","","",Indegree centrality,1.0,"","","","","","","","","","","","",people,1.0,affiliation,0.0,off-diagonal,1.0,"","","","","","","","","","",People,1.0,Schools,1.0,"","",An Edge,1.0,"","",Common neighbor,1.0,"","",Transmitter,1.0,"","",Origin,1.0,semicycle,1.0,"","",Three,1.0,Asymmetric,1.0,"","",symmetric,1.0,"","","","","","",Monetary,1.0,"","","","","","",Degree centrality,1.0,Closeness centrality,1.0,Closeness centrality,1.0,edges,0.0,"","","","",row,1.0,"","","","","","","","","","","","","","","","",Asymmetric,1.0,"","","","","","",path,1.0,"","","","","","","","","","","","",weak tie principle,1.0,"","",Social,1.0,"","",unilaterally,1.0,"","",Role Relation,1.0,Sympathy group,0.0,connected,1.0,"","","","","","","","","","","","",off-diagonal,0.0,"","","","","","","","","","","","","","","","",12-15 people,1.0,68,7,68.0
"MEHRABIFAR, MELISA",141094,906281495,25S-SOCIOL-111-LAB-1F,212585,25S-SOCIOL-0111-001F,2025-05-02 04:07:29 UTC,1,it has two sum of degrees,1.0,"","","","","","","","","","","","",group overlap,1.0,"","",People and the friends they have,1.0,"","","","","","","","","","","","",Astrological,1.0,Physics,1.0,The brain,1.0,Actors,1.0,Indegree,1.0,"","",Mutual,1.0,Subset,1.0,The empty set,1.0,"","","","",outdegree,1.0,"","",empty,1.0,"","",Incident,1.0,Adjacent,1.0,"","",Adjacent,1.0,"","","","","","",path,0.0,cycles,1.0,Destination,1.0,Geodesic Distance,1.0,strongly,1.0,"","",weakly,1.0,"","",Being in the same class,1.0,"","","","","","","","",Symmetric,1.0,Symmetric,1.0,"","",Antisymmetric,1.0,"","","","","","","","","","","","",connected,1.0,path,1.0,"","",connected,1.0,"","",row or column sums,1.0,"","","","","","","","","","",All of the other answers are correct,1.0,"","",Betweenness centrality,1.0,group overlap,1.0,"","",column,1.0,off-diagonal,1.0,"","","","",Duration,1.0,"","",simmelian,1.0,weak,1.0,"","","","","","","","","","","","","","",Vertices,1.0,"","",Empirical,1.0,"","","","","","",length,1.0,Being somebody’s boss,0.0,"","",Antisymmetric,1.0,"","","","",Antisymmetric tie,0.0,"","",Support clique,1.0,4-5 people,1.0,"","","","","","","","","","","","",all the other answers are correct,1.0,closeness,1.0,"","","","","","",group overlap,1.0,"","","","","","","","","","","","",People,1.0,"","",Carrier,1.0,"","","","",Common neighbor,1.0,Isolates,1.0,Transmitter,1.0,path,0.0,"","","","","","",Three,1.0,Asymmetric,1.0,Asymmetric,1.0,"","",Symmetric,1.0,"","","","",Monetary,1.0,component,1.0,"","","","",Degree centrality,1.0,Closeness centrality,1.0,"","",edges,0.0,Betweenness centrality,1.0,"","","","",bipartite,1.0,"","","","","","","","","","","","","","","","","","",12-15 people,1.0,"","","","",Closeness centrality,1.0,"","","","","","",disjoint,1.0,Frequency of activation,1.0,"","","","","","","","","","",diameter,1.0,"","",Affinity group,1.0,connected,1.0,"","","","","","","","","","",bipartite,1.0,"","","","","","","","","","","","","","",bridges,1.0,"","","","",70,5,70.0
"OH, CONNER",196498,006250605,25S-SOCIOL-111-LAB-1C,212555,25S-SOCIOL-0111-001C,2025-05-02 04:06:17 UTC,1,"","","","",bipartite,1.0,"","",affiliation,1.0,"","","","","","",adjacency,1.0,"","","","","","","","","","","","",Computer Science,0.0,"","","","","","","","",Indegree,1.0,Asymmetric,1.0,Mutual,1.0,"","","","","","","","",outdegree,1.0,"","","","","","",Incident,1.0,Adjacent,1.0,Receiver,1.0,"","",maximum,1.0,"","","","",semitpath,1.0,"","","","","","","","","","","","","","","","",Asymmetric,1.0,"","","Antisymmetric, symmetric, asymmetric",1.0,"","","","",Symmetric,1.0,Asymmetric,0.0,"","","","","","","","",Active network,1.0,120-150 people,1.0,at least two components,1.0,"","","","","","","","","","",row or column sums,1.0,"","","","","","",Outdegree centrality,1.0,"","",All of the other answers are correct,1.0,"","","","","","","","",column,1.0,"","","","","","","","","","","","","","","","","","","","","","",Neighborhood,1.0,adjacent,1.0,"edges, edge-deleted",1.0,Vertices,1.0,Vertex,1.0,"","",Isolate,1.0,Length,1.0,Inner,1.0,"","","","","","",Antisymmetric,1.0,"","","","","","","","","","",4-5 people,1.0,disconnected,1.0,Geodesic Distance,1.0,N - 1,1.0,"","","","",Indegree,1.0,"","","","",Degree centrality,1.0,n x n,1.0,people,1.0,"","","","","","","","","","",Theory,1.0,"","","","",Schools,1.0,"","","","","","",Common neighbor,1.0,"","",Transmitter,1.0,path,0.0,Origin,1.0,semicycle,1.0,mutually,1.0,"","","","",Asymmetric,1.0,symmetric,1.0,Symmetric,1.0,"","","","",Monetary,1.0,"","",subgraph,1.0,"","",Degree centrality,1.0,"","","","","","",Betweenness centrality,1.0,"","","","","","","","","","","","","","","","",weak,1.0,Measurement,1.0,"","",Role Relation,1.0,"","",giant component,1.0,"","","","","","",the number of edges,1.0,two sets of vertices and one set of edges,1.0,disjoint,1.0,"","","","",weak,1.0,"","","","",unilaterally,1.0,diameter,1.0,"","",Affinity group,1.0,"","","","","","","","",disconnected,1.0,Weakly Connected,1.0,"","",diagonal,1.0,weak,1.0,"","","","",Tie,1.0,many,1.0,Symmetric,1.0,"","",A and C only,1.0,"","",72,3,72.0
"NADER, MARIA",126597,706285767,25S-SOCIOL-111-LAB-1F,212585,25S-SOCIOL-0111-001F,2025-05-02 04:05:22 UTC,1,"","","","",bipartite,1.0,"","","","","","","","",group overlap,1.0,"","",People and the friends they have,1.0,strong,1.0,"","","","","","","","","","","","",Physics,1.0,"","","","","","","","","","","","",The empty set,1.0,"","","","",outdegree,1.0,"","","","",Nonadjacent,1.0,"","",Adjacent,1.0,Receiver,1.0,"","",maximum,1.0,"","",weakly,1.0,"","","","",Destination,1.0,Geodesic Distance,1.0,"","",Cycle,1.0,"","",Role Relation,0.0,"","",Asymmetric,1.0,"","","","",Interaction,1.0,Symmetric,1.0,"","",Asymmetric,0.0,"","","","","","","","",Active network,1.0,"","","","","","",path,1.0,"","","","",Harmonic,1.0,row or column sums,1.0,N-1,0.0,"","","","","","","","","","",Outdegree,1.0,"","","","","","",column,1.0,"","",m x m,1.0,groups,1.0,"","",weak,1.0,simmelian,1.0,"","","","",Geology,1.0,"","","","","","",adjacent,1.0,"edges, edge-deleted",1.0,"","",Vertex,1.0,Empirical,1.0,"","","","","","","","",Being somebody’s boss,0.0,"","",Antisymmetric,1.0,"","","","","","","","","","",4-5 people,1.0,disconnected,1.0,"","","","",Indegree centrality,1.0,Betweenness,1.0,"","","","","","",Degree centrality,1.0,"","","","","","",off-diagonal,1.0,"","","","","","","","","","",People,1.0,Schools,1.0,Carrier,1.0,An Edge,1.0,Null,1.0,Common neighbor,1.0,Isolates,1.0,"","",semitpath,1.0,Origin,1.0,"","",mutually,1.0,Three,1.0,"","",Asymmetric,1.0,symmetric,1.0,"","",Similarity,1.0,"","",Monetary,1.0,component,1.0,"","","","",Degree centrality,1.0,"","","","",edges,0.0,"","","","","","","","",affiliation,1.0,"","","","","","","","","","","","","","","","",12-15 people,1.0,giant component,1.0,"","",Closeness centrality,1.0,"","",the number of edges,1.0,"","","","",Frequency of activation,1.0,"","","","","","",Intersection,1.0,unilaterally,1.0,"","","","","","",connected,1.0,All of these are properties of strong ties,1.0,Astrophysics,1.0,"","","","","","","","","","","","",n = q,1.0,"","","","","","","","","","","","",45-50 people,0.0,69,6,69.0
"KINGHAM, BELLA",29984,605769040,25S-SOCIOL-111-LAB-1C,212555,25S-SOCIOL-0111-001C,2025-05-02 03:55:49 UTC,1,"","","","",bipartite,1.0,"","",affiliation,1.0,"","","","","","",adjacency,1.0,"","",strong,1.0,"","","","","","","","","","","","",Physics,1.0,The brain,1.0,"","",Indegree,1.0,Asymmetric,1.0,Mutual,1.0,"","","","",Edges,1.0,Degree,1.0,"","",Union,1.0,"","","","","","","","","","","","",maximum,1.0,eccentricity,1.0,"","","","","","","","",Geodesic Distance,1.0,strongly,1.0,Cycle,1.0,weakly,1.0,Similarity,1.0,"","","","","","","Antisymmetric, symmetric, asymmetric",1.0,"","","","","","",Antisymmetric,1.0,"","","","",neocortex; group,0.0,"","",Active network,1.0,"","",only one component,0.0,"","","","","","","","","","","","",(N-1)(N-2),1.0,"","","","","","","","",All of the other answers are correct,1.0,Outdegree,1.0,Betweenness centrality,1.0,"","","","","","","","","","",groups,1.0,Duration,1.0,"","","","","","","","",Geology,1.0,"","","source, destination",1.0,"","","","","edges, edge-deleted",1.0,Vertices,1.0,"","",Empirical,1.0,"","","","","","",length,1.0,"","","","","","",Asymmetric,1.0,Asymmetric,1.0,"","",Similarity,1.0,"","",4-5 people,1.0,disconnected,1.0,"","",N - 1,1.0,Indegree centrality,1.0,"","","","",all the other answers are correct,1.0,closeness,1.0,Degree centrality,1.0,n x n,1.0,"","","","","","",Intimacy,1.0,strong,1.0,"","","","",Tik Tok,1.0,"","","","",Carrier,1.0,An Edge,1.0,"","","","",Isolates,1.0,Transmitter,1.0,semitpath,1.0,"","","","","","","","","","","","",symmetric,1.0,"","","","",Symmetric,1.0,"","","","",subgraph,1.0,"","","","","","","","","","",Betweenness centrality,1.0,"","",row,1.0,bipartite,1.0,"","",affiliation,1.0,the transpose,1.0,"","","","","","","","","","",Similarity,0.0,"","",giant component,1.0,"","","","","","","","","","","","","","","","",weak,1.0,"","",Intersection,1.0,unilaterally,1.0,diameter,1.0,"","",Affinity group,1.0,connected,1.0,"","","","","","","","","","","","","","","","",n = q,1.0,"","",Tie,1.0,"","",Symmetric,1.0,"","","","",45-50 people,0.0,71,4,71.0
"ESMAEILZADEH, SOPHIE",196130,406509797,25S-SOCIOL-111-LAB-1E,212566,25S-SOCIOL-0111-001E,2025-05-02 03:55:15 UTC,1,it has two sum of degrees,1.0,"","",bipartite,1.0,"","","","",Scientists and the papers they write,1.0,"","","","","","","","","","","","","","","","","","","","","","","","","","","","","","",Asymmetric,1.0,"","",Subset,1.0,"","","","",Degree,1.0,"","",Union,1.0,empty,1.0,"","","","","","",Receiver,1.0,"","",maximum,1.0,eccentricity,1.0,weakly,1.0,"","","","","","",Geodesic Distance,1.0,"","","","",uni-laterally,0.0,"","","","","","",Symmetric,1.0,"Asymmetric, symmetric, antisymmetric",0.0,"","","","",Symmetric,1.0,"","",Asymmetric,0.0,"","",neocortex; group,0.0,"","","","","","","","",connected,1.0,"","",vertices,1.0,"","",Harmonic,1.0,"","","","","","","","","","","","","","","","",Betweenness centrality,1.0,"","","","",column,1.0,off-diagonal,1.0,"","","","",Duration,1.0,weak,1.0,simmelian,1.0,"","","","","","","","","source, destination",1.0,"","",adjacent,1.0,"","",Vertices,1.0,"","","","","","","","",Inner,1.0,length,1.0,"","","","","","","","","","","","",Interaction,0.0,"","",4-5 people,1.0,"","","","",N - 1,1.0,Indegree centrality,1.0,Betweenness,1.0,"","",all the other answers are correct,1.0,closeness,1.0,"","","","",people,1.0,"","",off-diagonal,1.0,"","","","","","",Theory,1.0,Tik Tok,1.0,"","",Schools,1.0,Carrier,1.0,"","",Null,1.0,Common neighbor,1.0,Isolates,1.0,Transmitter,1.0,"","",Origin,1.0,semicycle,1.0,"","",Three,1.0,"","","","","","","","",Similarity,1.0,"","","","",component,1.0,subgraph,1.0,"","","","",Closeness centrality,1.0,Closeness centrality,1.0,"","","","",star,1.0,"","","","",affiliation,1.0,"","","","","","","","","","","","",Asymmetric,1.0,Role Relation,1.0,12-15 people,1.0,"","",path,1.0,"","",co-membership,1.0,"","",two sets of vertices and one set of edges,1.0,"","",Frequency of activation,1.0,"","","","","","",Intersection,1.0,"","","","",Role Relation,1.0,Active network,0.0,"","","","",Astrophysics,1.0,"","","","","","","","","","","","","","","","",Tie,1.0,"","",Symmetric,1.0,bridges,1.0,"","",12-15 people,1.0,69,6,69.0
"BLUM, LEA",35352,804993921,25S-SOCIOL-111-LAB-1B,212554,25S-SOCIOL-0111-001B,2025-05-02 03:47:41 UTC,1,"","","","","","",diagonal,1.0,"","","","",co-membership,1.0,group overlap,1.0,"","","","","","","","","","","","","","",Communication,1.0,Astrological,1.0,"","","","","","",Indegree,1.0,Asymmetric,1.0,"","","","","","","","","","",outdegree,1.0,"","",empty,1.0,Nonadjacent,1.0,"","","","","","",Adjacent,1.0,maximum,1.0,"","",weakly,1.0,"","","","","","",Geodesic Distance,1.0,strongly,1.0,Cycle,1.0,"","","","",Being in the same class,1.0,"","","","","","",Interaction,1.0,Symmetric,1.0,"","","","","","","","","","","","","","",120-150 people,1.0,at least two components,1.0,"","","","","","",connected,1.0,"","","","",(N-1)(N-2),1.0,"","",the columns not the rows,1.0,"","",either rows or columns,1.0,"","","","",Betweenness centrality,1.0,group overlap,1.0,"","",column,1.0,off-diagonal,1.0,m x m,1.0,"","","","","","","","","","",strongly,1.0,"","","","","","",Neighborhood,1.0,"","","edges, edge-deleted",1.0,"","","","",Empirical,1.0,"","","","","","",length,1.0,Giving advice,1.0,"","","","",Asymmetric,1.0,"","",Interaction,1.0,"","","","",4-5 people,1.0,"","","","","","","","",Betweenness,1.0,"","","","",closeness,1.0,Degree centrality,1.0,"","","","","","","","","","","","",novel,1.0,Theory,1.0,Tik Tok,1.0,People,1.0,"","",Carrier,1.0,An Edge,1.0,Null,1.0,"","",Isolates,1.0,Transmitter,1.0,"","",Origin,1.0,"","",mutually,1.0,Three,1.0,"","",Asymmetric,1.0,symmetric,1.0,Symmetric,1.0,Similarity,1.0,"","",Monetary,1.0,component,1.0,subgraph,1.0,"","","","","","","","","","",Betweenness centrality,1.0,star,1.0,"","","","","","","","","","","","","","",weak,1.0,"","","","","","","","","","",path,1.0,"","","","","","","","",disjoint,1.0,"","","","","","","","",Intersection,1.0,"","",diameter,1.0,"","",Affinity group,1.0,"","","","","","","","","","",Weakly Connected,1.0,"","",diagonal,1.0,"","",n = q,1.0,"","","","",many,1.0,"","",bridges,1.0,"","",12-15 people,1.0,75,0,75.0
"PALMA REYES, PRICILA",22165,705793148,25S-SOCIOL-111-LAB-1C,212555,25S-SOCIOL-0111-001C,2025-05-02 03:47:16 UTC,1,"","","","",bipartite,1.0,"","",affiliation,1.0,"","",co-membership,1.0,co-membership,0.0,"","",People and the friends they have,1.0,"","","","","","","","",more,1.0,"","","","",Physics,1.0,"","",Actors,1.0,"","","","",Mutual,1.0,Subset,1.0,The empty set,1.0,Edges,1.0,Degree,1.0,"","","","",empty,1.0,"","","","",Adjacent,1.0,Receiver,1.0,"","","","","","",unilaterally,0.0,"","","","",Destination,1.0,Geodesic Distance,1.0,"","",Cycle,1.0,"","","","",Being in the same class,1.0,"","","","","Symmetric, asymmetric, antisymmetric",0.0,Interaction,1.0,Symmetric,1.0,Symmetric,1.0,"","","","",Support clique,0.0,neocortex; group,0.0,"","",Affinity group,0.0,"","","","",connected,1.0,"","","","",connected,1.0,"","","","",N-1,0.0,the rows not the columns,1.0,the columns not the rows,1.0,Outdegree centrality,1.0,"","",All of the other answers are correct,1.0,"","","","","","","","",column,1.0,off-diagonal,1.0,"","","","","","","","","","",weak,1.0,"","","","","","","","",Neighborhood,1.0,adjacent,1.0,"","","","",Vertex,1.0,Empirical,1.0,Isolate,1.0,Length,1.0,Inner,1.0,"","","","","","","","","","","","",Interaction,1.0,"","","","",4-5 people,1.0,"","","","","","","","","","","","",Degree centrality,0.0,"","",Degree centrality,1.0,"","","","","","","","","","","","","","","","","","","","",Schools,1.0,"","","","","","","","",Isolates,1.0,Transmitter,1.0,path,0.0,Origin,1.0,"","",mutually,1.0,"","",Asymmetric,1.0,"","","","","","","","",Symmetric,1.0,"","",component,1.0,subgraph,1.0,edges,1.0,"","","","","","",edges,0.0,"","","","","","",bipartite,1.0,"","","","","","","","",Granovetter-transitivity,1.0,weak,1.0,Measurement,1.0,Asymmetric,1.0,Role Relation,1.0,"","","","","","","","","","","","",two sets of vertices and one set of edges,1.0,"","","","","","","","","","","","","","",diameter,1.0,"","",Active network,0.0,"","","","","","","","",disconnected,1.0,Weakly Connected,1.0,"","",diagonal,1.0,"","","","","","",Tie,1.0,"","","","","","",A and C only,1.0,"","",64,11,64.0
"LYONS, VICTORIA",52688,105388590,25S-SOCIOL-111-LAB-1C,212555,25S-SOCIOL-0111-001C,2025-05-02 03:31:20 UTC,1,"","",co-membership,1.0,"","","","","","",Scientists and the papers they write,1.0,"","","","",co-membership,0.0,"","",simmelian,0.0,Frequency of activation,0.0,"","","","","","","","",Astrological,1.0,"","","","",Actors,1.0,"","",Asymmetric,1.0,"","","","",The empty set,1.0,Edges,1.0,"","",outdegree,1.0,Union,1.0,empty,1.0,Nonadjacent,1.0,"","","","",Receiver,1.0,"","","","",eccentricity,1.0,weakly,1.0,"","","","","","","","",strongly,1.0,"","",weakly,1.0,Role Relation,0.0,"","",Asymmetric,1.0,"","","","","","","","",Symmetric,1.0,Asymmetric,0.0,"","","","",neocortex; group,0.0,"","","","",120-150 people,1.0,"","","","","","","","","","","","",row or column sums,1.0,"","",the rows not the columns,1.0,"","","","",either rows or columns,1.0,"","",Outdegree,1.0,"","","","","","","","","","","","","","","","","","","","",weak,1.0,"","","","","","","","",Neighborhood,1.0,adjacent,1.0,"edges, edge-deleted",1.0,"","",Vertex,1.0,Empirical,1.0,"","",Length,1.0,Inner,1.0,"","",Being somebody’s boss,0.0,Interaction,1.0,"","","","",Asymmetric,1.0,"","","","",Support clique,1.0,4-5 people,1.0,"","","","","","",Indegree centrality,1.0,"","","","",all the other answers are correct,1.0,"","","","",n x n,1.0,"","","","","","","","","","","","","","",Tik Tok,1.0,"","","","","","","","","","",Common neighbor,1.0,"","",Transmitter,1.0,path,0.0,"","",semicycle,1.0,"","",Three,1.0,"","","","","","","","","","",Symmetric,1.0,Energy,0.0,component,1.0,subgraph,1.0,edges,1.0,Degree centrality,1.0,"","","","",edges,0.0,"","","","",row,1.0,bipartite,1.0,affiliation,1.0,"","","","","","",Granovetter-transitivity,1.0,"","",Measurement,1.0,Nonreciprocal,0.0,"","","","",giant component,1.0,"","",Closeness centrality,1.0,co-membership,1.0,"","","","","","","","","","","","","","","","","","",diameter,1.0,"","","","",connected,1.0,"","","","","","",disconnected,1.0,"","",bipartite,1.0,"","","","",n = q,1.0,strength,1.0,Tie,1.0,"","",Symmetric,1.0,"","","","","","",64,11,64.0
"CICELSKI, MICHAEL",196312,206289763,25S-SOCIOL-111-LAB-1F,212585,25S-SOCIOL-0111-001F,2025-05-02 03:31:18 UTC,1,"","","","","","","","","","","","","","","","","","","","","","","","",Granovetter-transitivity,1.0,"","","","","","","","","","","","",Actors,1.0,"","","","","","",Subset,1.0,The empty set,1.0,Edges,1.0,"","",outdegree,1.0,"","","","","","","","","","",Receiver,1.0,"","",maximum,1.0,eccentricity,1.0,"","","","",cycles,1.0,"","","","","","",Cycle,1.0,weakly,1.0,Similarity,1.0,"","","","",Symmetric,1.0,"","","","",Symmetric,1.0,Symmetric,1.0,Antisymmetric,1.0,"","",Sympathy group,1.0,neocortex; group,0.0,"","","","","","","","","","","","","","",connected,1.0,Harmonic,1.0,"","",(N-1)(N-2),1.0,the rows not the columns,1.0,"","",Outdegree centrality,1.0,rows not columns,0.0,All of the other answers are correct,1.0,Outdegree,1.0,"","","","","","","","",off-diagonal,1.0,m x m,1.0,groups,1.0,"","",weak,1.0,"","",weak,1.0,"","","","",People,1.0,"source, destination",1.0,Neighborhood,1.0,"","","","",Vertices,1.0,Vertex,1.0,"","","","",Length,1.0,Inner,1.0,length,1.0,Giving advice,1.0,"","","","","","",Asymmetric,1.0,"","",Similarity,1.0,"","","","",disconnected,1.0,"","",N - 1,1.0,"","","","","","","","","","","","","","","","",co-membership,0.0,"","","","","","",novel,1.0,Theory,1.0,"","",People,1.0,"","",Carrier,1.0,An Edge,1.0,Null,1.0,"","",Isolates,1.0,Transmitter,1.0,semitpath,1.0,Origin,1.0,"","","","","","","","",Asymmetric,1.0,"","","","","","","","",Monetary,1.0,component,1.0,subgraph,1.0,"","",Degree centrality,1.0,"","","","","","","","","","","","",bipartite,1.0,group overlap,0.0,"","",the transpose,1.0,"","","","","","","","","","","","",12-15 people,1.0,"","",path,1.0,Closeness centrality,1.0,"","",the number of edges,1.0,"","",disjoint,1.0,"","","","","","","","",Intersection,1.0,"","","","","","",Affinity group,1.0,"","","","",Astrophysics,1.0,Being somebody’s boss,1.0,"","","","",bipartite,1.0,"","","","","","","","","","","","","","",bridges,1.0,"","","","",71,4,71.0
"ECKART, JUSTIN",133612,706066406,25S-SOCIOL-111-LAB-1C,212555,25S-SOCIOL-0111-001C,2025-05-02 03:29:49 UTC,1,"","","","","","",diagonal,1.0,"","",Scientists and the papers they write,1.0,"","",group overlap,1.0,"","",CEOs and the board of directors they serve in,0.0,"","","","","","","","",more,1.0,Communication,1.0,Astrological,1.0,"","","","","","",Indegree,1.0,Asymmetric,1.0,Mutual,1.0,"","","","","","","","",outdegree,1.0,"","","","","","","","",Adjacent,1.0,Receiver,1.0,Adjacent,1.0,"","",eccentricity,1.0,weakly,1.0,semitpath,1.0,cycles,1.0,Destination,1.0,Geodesic Distance,1.0,"","",Cycle,1.0,"","","","",Being in the same class,1.0,"","",Symmetric,1.0,"Symmetric, asymmetric, antisymmetric",0.0,"","","","","","",Asymmetric,0.0,Asymmetric,0.0,Affinity group,0.0,"","","","",Active network,1.0,"","",at least two components,1.0,directed,0.0,"","",vertices,1.0,"","","","","","",(N-1)(N-2),1.0,"","","","",Outdegree centrality,1.0,either rows or columns,1.0,All of the other answers are correct,1.0,Outdegree,1.0,"","",group overlap,1.0,"","","","",off-diagonal,1.0,"","","","","","","","","","","","","","",Geology,1.0,"","","source, transmitter",0.0,Neighborhood,1.0,adjacent,1.0,"","",Paths,0.0,"","",Empirical,1.0,"","",Length,1.0,"","","","","","","","",Antisymmetric,1.0,"","",Asymmetric,1.0,"","","","","","",4-5 people,1.0,"","","","","","","","",Betweenness,1.0,Outdegree,0.0,"","","","","","",m x m,0.0,"","","","","","","","","","","","",Graphs,0.0,"","","","","","","","","","",Null,1.0,"","",Isolates,1.0,"","",path,0.0,"","","","","","","","",Asymmetric,1.0,Asymmetric,1.0,"","","","","","","","",Monetary,1.0,component,1.0,"","",edges,1.0,"","","","","","",nodes,1.0,"","",star,1.0,"","","","","","","","","","","","","","",weak,1.0,Analysis,0.0,Nonreciprocal,0.0,"","","","","","","","","","","","","","",two sets of vertices and one set of edges,1.0,disjoint,1.0,Frequency of activation,1.0,"","","","","","",Intersection,1.0,"","",diameter,1.0,"","",Sympathy group,0.0,connected,1.0,"","","","","","","","","","",bipartite,1.0,"","",weak,1.0,"","",strength,1.0,"","","","","","","","","","","","",60,15,60.0
"GARIBYAN, RAFFI",200673,906513443,25S-SOCIOL-111-LAB-1B,212554,25S-SOCIOL-0111-001B,2025-05-02 03:21:06 UTC,1,"","",co-membership,1.0,"","",diagonal,1.0,affiliation,1.0,"","","","",group overlap,1.0,adjacency,1.0,"","","","","","","","","","","","","","","","",Physics,1.0,The brain,1.0,Actors,1.0,"","",Asymmetric,1.0,"","","","","","",Edges,1.0,"","",outdegree,1.0,Union,1.0,empty,1.0,Nonadjacent,1.0,"","",Adjacent,1.0,Receiver,1.0,Adjacent,1.0,maximum,1.0,"","","","","","",cycles,1.0,"","",Geodesic Distance,1.0,strongly,1.0,Cycle,1.0,"","",Similarity,1.0,"","",Asymmetric,1.0,"","","","","","","","",Symmetric,1.0,Asymmetric,0.0,"","","","",neocortex; group,0.0,"","","","","","","","","","",path,1.0,vertices,1.0,"","",Harmonic,1.0,row or column sums,1.0,"","","","","","",Outdegree centrality,1.0,"","","","","","",Betweenness centrality,1.0,"","","","","","","","","","","","","","","","","","","","","","","","","","","","",Neighborhood,1.0,"","","edges, edge-deleted",1.0,"","","","",Empirical,1.0,Isolate,1.0,Length,1.0,"","","","","","",Interaction,1.0,Antisymmetric,1.0,Asymmetric,1.0,"","","","","","","","",4-5 people,1.0,disconnected,1.0,"","","","","","",Betweenness,1.0,"","","","",closeness,1.0,"","","","",people,1.0,"","",off-diagonal,1.0,"","",strong,1.0,"","","","","","","","",Schools,1.0,"","",An Edge,1.0,Null,1.0,"","","","","","",semitpath,1.0,Origin,1.0,semicycle,1.0,mutually,1.0,"","","","",Asymmetric,1.0,"","","","","","","","",Monetary,1.0,component,1.0,"","","","",Degree centrality,1.0,"","","","","","",Betweenness centrality,1.0,star,1.0,"","","","","","","","","","","","","","",weak,1.0,"","",Asymmetric,1.0,"","",12-15 people,1.0,"","",path,1.0,"","",co-membership,1.0,"","","","",disjoint,1.0,"","",weak tie principle,1.0,"","","","","","","","","","",Role Relation,1.0,"","","","","","",Astrophysics,1.0,"","","","",Weakly Connected,1.0,"","",diagonal,1.0,weak,1.0,"","",strength,1.0,"","","","","","","","","","",12-15 people,1.0,73,2,73.0
"YADEGAR, MADELYN",195612,106034140,25S-SOCIOL-111-LAB-1B,212554,25S-SOCIOL-0111-001B,2025-05-02 03:11:31 UTC,1,"","",co-membership,1.0,"","","","","","","","",co-membership,1.0,"","",adjacency,1.0,CEOs and the board of directors they serve in,0.0,"","","","","","","","","","",Communication,1.0,"","","","","","",Actors,1.0,"","",Asymmetric,1.0,Mutual,1.0,Subset,1.0,The empty set,1.0,"","","","",outdegree,1.0,"","",empty,1.0,"","",Incident,1.0,"","","","",Adjacent,1.0,"","",eccentricity,1.0,weakly,1.0,semitpath,1.0,"","",Destination,1.0,Geodesic Distance,1.0,strongly,1.0,"","","","","","","","","","","","","","",Interaction,1.0,Symmetric,1.0,Symmetric,1.0,"","",Antisymmetric,1.0,Sympathy group,1.0,neocortex; group,0.0,"","",Active network,1.0,"","","","","","",path,1.0,"","",connected,1.0,Harmonic,1.0,"","","","",the rows not the columns,1.0,"","","","","","",All of the other answers are correct,1.0,"","","","","","","","","","",off-diagonal,1.0,m x m,1.0,"","","","",weak,1.0,"","",weak,1.0,"","",Geology,1.0,"","","","","","","","","edges, edge-deleted",1.0,"","","","",Empirical,1.0,Isolate,1.0,Length,1.0,Inner,1.0,"","",Giving advice,1.0,"","","","","","",Asymmetric,1.0,"","","","","","","","",disconnected,1.0,Geodesic Distance,1.0,"","","","",Betweenness,1.0,Indegree,1.0,"","",closeness,1.0,"","",m x n,0.0,people,1.0,affiliation,0.0,"","","","","","","","","","","","","","","","","","","","",Null,1.0,Common neighbor,1.0,"","",Transmitter,1.0,"","","","","","",mutually,1.0,Three,1.0,"","","","","","",Symmetric,1.0,Similarity,1.0,"","","","","","","","","","","","",Closeness centrality,1.0,"","","","","","",star,1.0,"","","","","","","","","","","","","","",weak,1.0,"","","","",Role Relation,1.0,12-15 people,1.0,"","",path,1.0,"","","","","","",two sets of vertices and one set of edges,1.0,"","","","",weak tie principle,1.0,"","",Social,1.0,Intersection,1.0,"","","","","","",Affinity group,1.0,connected,1.0,"","",Astrophysics,1.0,"","","","",Weakly Connected,1.0,"","","","","","","","","","","","","","",Symmetric,1.0,bridges,1.0,"","","","",71,4,71.0
"CHEN, JIUZHEN",116520,206231687,25S-SOCIOL-111-LAB-1E,212566,25S-SOCIOL-0111-001E,2025-05-02 03:05:00 UTC,1,"","","","","","",diagonal,1.0,affiliation,1.0,"","",affiliation,0.0,"","",co-membership,0.0,"","","","","","","","","","","","","","","","",Physics,1.0,The brain,1.0,"","",Indegree,1.0,"","",Mutual,1.0,Subset,1.0,The empty set,1.0,Edges,1.0,"","","","",Union,1.0,empty,1.0,"","",Adjacent,0.0,Adjacent,1.0,"","","","","","",eccentricity,1.0,weakly,1.0,"","",cycles,1.0,"","","","","","",Cycle,1.0,weakly,1.0,"","","","",Asymmetric,1.0,"","","Asymmetric, antisymmetric, symmetric",0.0,"","","","",Symmetric,1.0,"","","","","","","","","","",Active network,1.0,120-150 people,1.0,at least two components,1.0,"","","","",vertices,1.0,connected,1.0,"","",row or column sums,1.0,"","",the rows not the columns,1.0,the columns not the rows,1.0,"","","","","","","","","","",co-membership,0.0,"","",column,1.0,"","",m x m,1.0,"","",Duration,1.0,"","","","","","","","","","","","","","","","",adjacent,1.0,"edges, edge-deleted",1.0,"","",Vertex,1.0,Empirical,1.0,"","","","",Inner,1.0,"","",Being somebody’s boss,0.0,"","","","",Asymmetric,1.0,"","","","","","","","",4-5 people,1.0,"","","","","","","","","","",Indegree,1.0,all the other answers are correct,1.0,closeness,1.0,"","",n x n,1.0,"","","","","","","","","","",novel,1.0,Theory,1.0,"","",People,1.0,"","","","","","",Null,1.0,"","",Isolates,1.0,"","",path,0.0,Origin,1.0,semicycle,1.0,"","","","",Asymmetric,1.0,Asymmetric,1.0,"","","","",Similarity,1.0,Symmetric,1.0,"","","","","","","","","","",Closeness centrality,1.0,"","","","","","",star,1.0,"","","","","","","","","","","","","","","","",Measurement,1.0,"","","","","","",giant component,1.0,path,1.0,Closeness centrality,1.0,"","",the number of edges,1.0,"","",disjoint,1.0,"","","","","","","","","","",strongly,0.0,"","","","",Sympathy group,0.0,"","","","","","","","","","",Weakly Connected,1.0,"","","","","","","","",strength,1.0,"","",many,1.0,Symmetric,1.0,"","",A and C only,1.0,12-15 people,1.0,66,9,66.0
"NOVOA, ELISHA",93960,705983704,25S-SOCIOL-111-LAB-1B,212554,25S-SOCIOL-0111-001B,2025-05-02 02:53:59 UTC,1,"","",co-membership,1.0,"","","","","","",Scientists and the papers they write,1.0,co-membership,1.0,"","",adjacency,1.0,"","","","",Density,1.0,"","","","","","",Communication,1.0,"","","","",The brain,1.0,"","",Indegree,1.0,"","",Mutual,1.0,Subset,1.0,The empty set,1.0,Edges,1.0,Degree,1.0,outdegree,1.0,"","","","",Nonadjacent,1.0,Incident,1.0,Adjacent,1.0,"","","","","","","","",weakly,1.0,"","",cycles,1.0,Endpoint,0.0,"","","","","","",weakly,1.0,"","",Being in the same class,1.0,Asymmetric,1.0,"","","Antisymmetric, symmetric, asymmetric",1.0,Interaction,1.0,Symmetric,1.0,"","",Antisymmetric,1.0,"","",Sympathy group,1.0,"","","","",Active network,1.0,"","","","",connected,1.0,"","","","",connected,1.0,"","","","",N-1,0.0,the rows not the columns,1.0,"","","","","","",All of the other answers are correct,1.0,Outdegree,1.0,"","","","","","",column,1.0,"","","","","","","","","","","","","","",strongly,1.0,Geology,1.0,"","","source, destination",1.0,"","",adjacent,1.0,"","","","","","","","","","","","",Inner,1.0,"","","","","","","","","","","","","","","","",Support clique,1.0,4-5 people,1.0,disconnected,1.0,Geodesic Distance,1.0,N - 1,1.0,"","","","","","",all the other answers are correct,1.0,closeness,1.0,"","","","","","","","","","","","","","",novel,1.0,"","",Tik Tok,1.0,"","","","","","","","",Null,1.0,Neighborhood union,0.0,Isolates,1.0,"","","","",Origin,1.0,"","",mutually,1.0,Three,1.0,"","","","",symmetric,1.0,"","",Similarity,1.0,Symmetric,1.0,"","","","","","","","","","",Closeness centrality,1.0,"","","","","","","","","","",bipartite,1.0,"","","","",the transpose,1.0,"","","","","","",Measurement,1.0,"","","","","","","","",path,1.0,"","",co-membership,1.0,the number of edges,1.0,"","","","",Intimacy,0.0,"","","","","","","","",unilaterally,1.0,diameter,1.0,Role Relation,1.0,Affinity group,1.0,connected,1.0,"","","","","","","","",Weakly Connected,1.0,"","","","",weak,1.0,n = q,1.0,"","","","","","","","","","","","","","",71,4,71.0
"ESCOBEDO, OLIVIA",195921,406284316,25S-SOCIOL-111-LAB-1B,212554,25S-SOCIOL-0111-001B,2025-05-02 02:47:07 UTC,1,it has two sum of degrees,1.0,"","",bipartite,1.0,"","","","",Scientists and the papers they write,1.0,"","","","","","",People and the friends they have,1.0,"","",Density,1.0,Granovetter-transitivity,1.0,"","","","","","",Astrological,1.0,Physics,1.0,The brain,1.0,Actors,1.0,"","","","","","","","",The empty set,1.0,Edges,1.0,Degree,1.0,outdegree,1.0,Union,1.0,"","",Nonadjacent,1.0,Incident,1.0,Adjacent,1.0,"","","","","","",eccentricity,1.0,"","",semitpath,1.0,cycles,1.0,"","",Geodesic Distance,1.0,"","",Cycle,1.0,weakly,1.0,Similarity,1.0,"","",Asymmetric,1.0,Symmetric,1.0,"","","","","","",Symmetric,1.0,"","",Asymmetric,0.0,"","",neocortex; group,0.0,"","",Active network,1.0,120-150 people,1.0,"","","","",path,1.0,vertices,1.0,"","","","","","","","","","","","",Outdegree centrality,1.0,"","","","","","","","","","","","","","","","",m x m,1.0,"","","","","","","","","","",strongly,1.0,Geology,1.0,"","","","",Neighborhood,1.0,adjacent,1.0,"edges, edge-deleted",1.0,"","","","",Empirical,1.0,"","",Length,1.0,Inner,1.0,"","","","",Interaction,1.0,"","",Antisymmetric,0.0,"","",Interaction,1.0,"","",Support clique,1.0,"","",disconnected,1.0,Geodesic Distance,1.0,N - 1,1.0,Indegree centrality,1.0,"","",Indegree,1.0,"","",closeness,1.0,Degree centrality,1.0,"","",people,1.0,"","","","","","","","","","","","","","","","","","",Carrier,1.0,"","",Null,1.0,Common neighbor,1.0,"","","","","","","","",semicycle,1.0,"","","","","","",Nonreciprocal,0.0,"","",Symmetric,1.0,"","","","",Monetary,1.0,"","",subgraph,1.0,"","","","","","",Closeness centrality,1.0,"","",Betweenness centrality,1.0,"","",column,0.0,"","","","",affiliation,1.0,the transpose,1.0,active network,1.0,"","","","","","","","","","","","","","","","",Closeness centrality,1.0,"","","","","","","","","","","","","","","","","","",unilaterally,1.0,"","","","","","",connected,1.0,"","","","","","","","","","","","","","","","",n = q,1.0,"","","","",many,1.0,"","","","","","","","",70,5,70.0
"LOZANO, SAMANTHA",22137,105714795,25S-SOCIOL-111-LAB-1C,212555,25S-SOCIOL-0111-001C,2025-05-02 02:37:02 UTC,1,"","",co-membership,1.0,"","",diagonal,1.0,"","","","",co-membership,1.0,group overlap,1.0,"","","","","","","","",Granovetter-transitivity,1.0,"","",more,1.0,Communication,1.0,"","","","","","",Actors,1.0,Indegree,1.0,"","",Mutual,1.0,"","","","","","","","","","","","","","",Nonadjacent,1.0,Incident,1.0,"","",Receiver,1.0,"","",maximum,1.0,"","","","",semitpath,1.0,"","",Destination,1.0,Geodesic Distance,1.0,strongly,1.0,Cycle,1.0,"","","","","","","","","","","Antisymmetric, symmetric, asymmetric",1.0,"","","","",Symmetric,1.0,Asymmetric,0.0,Antisymmetric,1.0,"","",neocortex; group,0.0,"","","","",120-150 people,1.0,"","","","",path,1.0,vertices,1.0,"","",Harmonic,1.0,row or column sums,1.0,N-1,0.0,"","","","","","","","",All of the other answers are correct,1.0,Outdegree,1.0,Betweenness centrality,1.0,"","",m x p,1.0,"","","","","","","","","","","","","","","","","","","","","","","source, destination",1.0,Neighborhood,1.0,"","","","","","",Vertex,1.0,Empirical,1.0,Isolate,1.0,Length,1.0,Inner,1.0,"","","","","","","","","","","","","","","","",Support clique,1.0,"","",disconnected,1.0,"","","","","","","","","","","","",closeness,1.0,"","","","","","","","","","","","","","","","","","",Tik Tok,1.0,"","","","",Carrier,1.0,An Edge,1.0,Null,1.0,"","",Isolates,1.0,"","",semitpath,1.0,"","",semicycle,1.0,"","","","",Asymmetric,1.0,"","","","",Symmetric,1.0,"","",Symmetric,1.0,Monetary,1.0,"","","","",edges,1.0,"","",Closeness centrality,1.0,"","","","","","","","",row,1.0,"","",affiliation,1.0,"","",the transpose,1.0,active network,1.0,"","","","",Analysis,0.0,Asymmetric,1.0,"","","","","","",path,1.0,Closeness centrality,1.0,"","","","","","",disjoint,1.0,"","","","",weak,1.0,Social,1.0,Intersection,1.0,"","","","","","","","",connected,1.0,"","","","",Being somebody’s boss,1.0,"","","","","","","","","","",n = q,1.0,"","","","","","",Symmetric,1.0,bridges,1.0,"","",12-15 people,1.0,71,4,71.0
"PAREDES, SARAH",133375,506289605,25S-SOCIOL-111-LAB-1A,212578,25S-SOCIOL-0111-001A,2025-05-02 02:18:08 UTC,1,it has two sum of degrees,1.0,"","","","","","","","","","","","","","","","","","","","",Density,1.0,"","","","","","",Communication,1.0,"","","","",The brain,1.0,Actors,1.0,Indegree,1.0,"","",Mutual,1.0,"","","","",Edges,1.0,"","",outdegree,1.0,"","",empty,1.0,Nonadjacent,1.0,Incident,1.0,"","","","",Adjacent,1.0,"","","","",weakly,1.0,path,0.0,cycles,1.0,"","",Geodesic Distance,1.0,strongly,1.0,"","",weakly,1.0,Similarity,1.0,Being in the same class,1.0,"","",Symmetric,1.0,"","","","","","","","",Asymmetric,0.0,Asymmetric,0.0,"","","","","","",Active network,1.0,120-150 people,1.0,at least two components,1.0,"","","","",vertices,1.0,"","",Harmonic,1.0,row or column sums,1.0,"","",the rows not the columns,1.0,the columns not the rows,1.0,"","","","","","","","","","","","",m x p,1.0,column,1.0,"","",n x n,0.0,groups,1.0,"","","","","","","","","","","","","","","source, destination",1.0,"","",adjacent,1.0,"","","","","","","","",Isolate,1.0,"","",Inner,1.0,"","",Being somebody’s boss,0.0,"","","","","","","","","","","","",Support clique,1.0,4-5 people,1.0,disconnected,1.0,Geodesic Distance,1.0,"","",Indegree centrality,1.0,"","",Indegree,1.0,"","",closeness,1.0,"","",m x m,0.0,"","",group overlap,1.0,off-diagonal,1.0,"","","","",novel,1.0,"","","","","","","","","","","","",Null,1.0,Common neighbor,1.0,Isolates,1.0,Transmitter,1.0,"","","","",cycle,0.0,"","",Three,1.0,"","",Nonreciprocal,0.0,"","",Symmetric,1.0,"","","","","","","","","","","","","","","","","","","","","","",star,1.0,"","","","","","","","","","",active network,1.0,"","",weak,1.0,"","","","",Role Relation,1.0,12-15 people,1.0,"","","","","","","","",the number of edges,1.0,"","","","","","",weak tie principle,1.0,"","",Social,1.0,"","","","",diameter,1.0,"","","","",connected,1.0,"","","","","","",disconnected,1.0,Weakly Connected,1.0,"","",diagonal,1.0,"","","","","","",Tie,1.0,"","",Symmetric,1.0,"","","","","","",67,8,67.0
"MALTBY, CHARLIZE",88071,105897323,25S-SOCIOL-111-LAB-1A,212578,25S-SOCIOL-0111-001A,2025-05-02 02:16:55 UTC,1,"","","","","","",diagonal,1.0,affiliation,1.0,"","","","","","","","","","","","","","","","","","",more,1.0,"","","","","","","","","","","","","","","","","","","","",Edges,1.0,Degree,1.0,"","","","","","","","","","",Adjacent,1.0,"","",Adjacent,1.0,maximum,1.0,eccentricity,1.0,"","","","",cycles,1.0,Destination,1.0,Geodesic Distance,1.0,strongly,1.0,"","",weakly,1.0,"","",Being in the same class,1.0,Asymmetric,1.0,"","","","","","",Symmetric,1.0,"","",Antisymmetric,1.0,"","",Sympathy group,1.0,"","","","",Active network,1.0,"","",at least two components,1.0,connected,1.0,"","","","",connected,1.0,"","",row or column sums,1.0,"","","","","","",Outdegree centrality,1.0,either rows or columns,1.0,"","","","","","",group overlap,1.0,m x p,1.0,"","","","","","","","",Duration,1.0,"","",simmelian,1.0,"","","","",Geology,1.0,"","","source, destination",1.0,"","",adjacent,1.0,"edges, edge-deleted",1.0,"","",Vertex,1.0,Empirical,1.0,"","","","","","",length,1.0,"","","","","","",Asymmetric,1.0,"","","","",Similarity,1.0,Support clique,1.0,"","",disconnected,1.0,"","",N - 1,1.0,"","","","",Indegree,1.0,"","","","",Degree centrality,1.0,"","","","","","",off-diagonal,1.0,Intimacy,1.0,"","","","",Theory,1.0,"","",People,1.0,"","",Carrier,1.0,"","",Null,1.0,Common neighbor,1.0,Isolates,1.0,Transmitter,1.0,"","","","",semicycle,1.0,mutually,1.0,"","","","","","","","","","",Similarity,1.0,"","",Monetary,1.0,"","",subgraph,1.0,edges,1.0,"","","","","","",nodes,1.0,"","",star,1.0,row,1.0,"","","","","","",the transpose,1.0,"","","","","","","","",Asymmetric,1.0,"","","","","","","","","","","","",the number of edges,1.0,"","",disjoint,1.0,"","",weak tie principle,1.0,"","","","",Intersection,1.0,"","","","",Role Relation,1.0,"","","","","","",Astrophysics,1.0,"","","","",Weakly Connected,1.0,"","",diagonal,1.0,"","","","","","",Tie,1.0,"","",Symmetric,1.0,"","","","",45-50 people,0.0,74,1,74.0
"ORELLANA, JULISA",121970,206286401,25S-SOCIOL-111-LAB-1C,212555,25S-SOCIOL-0111-001C,2025-05-02 01:48:33 UTC,1,it has two average degrees,0.0,"","",bipartite,1.0,"","","","","","","","","","","","",People and the friends they have,1.0,"","","","","","",strong,1.0,"","","","","","",Physics,1.0,"","",Actors,1.0,"","","","",Mutual,1.0,"","",The empty set,1.0,Edges,1.0,Degree,1.0,outdegree,1.0,Union,1.0,empty,1.0,Nonadjacent,1.0,Incident,1.0,"","",Receiver,1.0,"","","","","","",weakly,1.0,semitpath,1.0,cycles,1.0,"","","","",unilaterally,0.0,"","","","","","",Being in the same class,1.0,Asymmetric,1.0,"","","","","","","","","","",Antisymmetric,1.0,"","","","","","","","",Active network,1.0,120-150 people,1.0,"","","","","","","","",connected,1.0,Harmonic,1.0,"","",(N-1)(N-2),1.0,"","","","","","","","",All of the other answers are correct,1.0,"","",Betweenness centrality,1.0,"","","","","","",off-diagonal,1.0,"","","","",Duration,1.0,"","","","","","",strongly,1.0,"","","","","source, destination",1.0,"","","","","","",Vertices,1.0,Vertex,1.0,"","","","",Length,1.0,Inner,1.0,"","","","","","",Antisymmetric,1.0,"","",Symmetric,0.0,Interaction,1.0,"","",Support clique,1.0,"","","","","","","","",Indegree centrality,1.0,"","","","",all the other answers are correct,1.0,closeness,1.0,Degree centrality,1.0,n x n,1.0,"","","","",off-diagonal,1.0,"","","","","","",Theory,1.0,"","",People,1.0,"","","","",An Edge,1.0,"","","","",Isolates,1.0,"","",semitpath,1.0,"","","","",mutually,1.0,Three,1.0,"","",Asymmetric,1.0,"","","","","","","","","","",component,1.0,subgraph,1.0,"","",Degree centrality,1.0,Closeness centrality,1.0,"","","","","","","","",row,1.0,"","",affiliation,1.0,"","","","",active network,1.0,"","","","","","",Antisymmetric,0.0,"","","","","","",path,1.0,"","","","","","","","",disjoint,1.0,Frequency of activation,1.0,"","","","",Social,1.0,"","",weakly,0.0,"","",Role Relation,1.0,Sympathy group,0.0,"","","","","","","","",disconnected,1.0,"","","","",diagonal,1.0,"","","","","","","","","","",Symmetric,1.0,"","","","",12-15 people,1.0,69,6,69.0
"ZHANG, CHUYUE",199492,106404886,25S-SOCIOL-111-LAB-1F,212585,25S-SOCIOL-0111-001F,2025-05-02 01:28:06 UTC,1,"","","","",bipartite,1.0,diagonal,1.0,"","","","","","","","","","",People and the friends they have,1.0,"","","","","","","","",more,1.0,Communication,1.0,"","",Physics,1.0,"","",Actors,1.0,Indegree,1.0,Asymmetric,1.0,"","","","",The empty set,1.0,Edges,1.0,Degree,1.0,outdegree,1.0,"","",empty,1.0,Nonadjacent,1.0,"","","","","","","","","","",eccentricity,1.0,"","",semitpath,1.0,"","",Destination,1.0,Geodesic Distance,1.0,strongly,1.0,Cycle,1.0,"","",Similarity,1.0,"","",Asymmetric,1.0,"","","Antisymmetric, symmetric, asymmetric",1.0,"","","","","","","","","","","","",neocortex; group,0.0,"","","","","","",at least two components,1.0,"","",path,1.0,"","","","","","","","",(N-1)(N-2),1.0,"","",the columns not the rows,1.0,Outdegree centrality,1.0,"","","","","","","","",group overlap,1.0,"","","","",off-diagonal,1.0,m x m,1.0,"","","","","","",simmelian,1.0,"","","","",Geology,1.0,"","","","","","",adjacent,1.0,"edges, edge-deleted",1.0,"","",Vertex,1.0,"","",Isolate,1.0,"","","","",length,1.0,"","",Interaction,1.0,"","",Asymmetric,1.0,Asymmetric,1.0,"","",Similarity,1.0,Support clique,1.0,4-5 people,1.0,disconnected,1.0,"","","","","","",Betweenness,1.0,"","","","",closeness,1.0,Degree centrality,1.0,n x n,1.0,"","","","","","",Intimacy,1.0,"","","","","","","","",People,1.0,"","",Carrier,1.0,An Edge,1.0,"","","","","","",Transmitter,1.0,semitpath,1.0,"","","","","","","","","","","","",symmetric,1.0,"","",Similarity,1.0,"","","","","","",subgraph,1.0,edges,1.0,"","",Closeness centrality,1.0,Closeness centrality,1.0,nodes,1.0,"","","","","","",bipartite,1.0,"","","","","","","","",Granovetter-transitivity,1.0,"","","","","","","","",12-15 people,1.0,"","","","","","","","",the number of edges,1.0,two sets of vertices and one set of edges,1.0,"","","","",weak tie principle,1.0,"","","","","","",unilaterally,1.0,diameter,1.0,"","","","","","","","","","",Being somebody’s boss,1.0,disconnected,1.0,"","","","","","","","","","","","","","","","","","","","","","",45-50 people,0.0,73,2,73.0
"SOTO, MISSY",27380,505767777,25S-SOCIOL-111-LAB-1D,212558,25S-SOCIOL-0111-001D,2025-05-02 01:04:19 UTC,1,it has two sum of degrees,1.0,co-membership,1.0,"","",diagonal,1.0,affiliation,1.0,Scientists and the papers they write,1.0,"","",group overlap,1.0,adjacency,1.0,"","","","","","","","",strong,1.0,more,1.0,"","","","","","","","",Actors,1.0,"","",Asymmetric,1.0,"","",Subset,1.0,Zero,0.0,Edges,1.0,"","",outdegree,1.0,Union,1.0,empty,1.0,"","",Incident,1.0,"","",Receiver,1.0,Adjacent,1.0,"","",eccentricity,1.0,"","",semitpath,1.0,"","","","","","","","",Cycle,1.0,"","","","","","","","","","","Antisymmetric, symmetric, asymmetric",1.0,"","","","",Symmetric,1.0,"","","","",Sympathy group,1.0,"","","","","","",120-150 people,1.0,"","","","","","",vertices,1.0,connected,1.0,Harmonic,1.0,"","","","","","",the columns not the rows,1.0,Closeness centrality,0.0,"","","","",Closeness,0.0,"","","","","","","","",off-diagonal,1.0,"","",none of the other answers apply,0.0,Homophily,0.0,weak,1.0,"","","","","","","","","","","source, destination",1.0,"","",adjacent,1.0,"","",Vertices,1.0,"","","","","","",Length,1.0,"","","","",Giving advice,1.0,Interaction,1.0,Antisymmetric,1.0,Asymmetric,1.0,Asymmetric,1.0,"","",Similarity,1.0,Support clique,1.0,"","","","","","",N - 1,1.0,"","","","","","",all the other answers are correct,1.0,indegree,0.0,Degree centrality,1.0,"","","","",group overlap,1.0,"","","","","","","","","","","","","","",Schools,1.0,"","","","",Null,1.0,"","","","","","",semitpath,1.0,"","",semicycle,1.0,mutually,1.0,Three,1.0,"","","","","","","","","","","","",Monetary,1.0,"","","","","","","","","","","","","","","","",complete,0.0,"","","","","","","","","","",active network,1.0,"","","","",Measurement,1.0,"","","","",12-15 people,1.0,giant component,1.0,"","",Closeness centrality,1.0,"","","","","","","","","","","","","","",Social,1.0,Intersection,1.0,unilaterally,1.0,diameter,1.0,"","","","",connected,1.0,"","","","",Being somebody’s boss,1.0,disconnected,1.0,"","","","","","","","","","","","",Tie,1.0,"","",Symmetric,1.0,"","","","","","",68,7,68.0
"FERADOUNI, ASHTON",197942,206404744,25S-SOCIOL-111-LAB-1F,212585,25S-SOCIOL-0111-001F,2025-05-02 00:58:18 UTC,1,"","",group overlap,0.0,"","","","",affiliation,1.0,"","",co-membership,1.0,"","","","","","","","","","","","",strong,1.0,"","","","","","","","","","","","",Indegree,1.0,"","","","","","","","",Edges,1.0,Degree,1.0,"","",Union,1.0,"","","","",Incident,1.0,Adjacent,1.0,"","",Adjacent,1.0,"","",eccentricity,1.0,weakly,1.0,"","","","",Destination,1.0,Geodesic Distance,1.0,strongly,1.0,Cycle,1.0,"","",Similarity,1.0,Being in the same class,1.0,"","","","","","",Interaction,1.0,"","","","",Antisymmetric,1.0,"","",Sympathy group,1.0,"","","","","","","","",at least two components,1.0,"","","","","","","","","","","","","","","","",the rows not the columns,0.0,"","",either rows or columns,1.0,"","",Indegree,0.0,"","","","","","",row,0.0,"","","","","","","","","","","","","","","","",Geology,1.0,People,1.0,"source, destination",1.0,Neighborhood,1.0,"","","edges, edge-deleted",1.0,"","","","",Empirical,1.0,Isolate,1.0,"","","","",length,1.0,"","","","","","",Asymmetric,1.0,"","",Interaction,1.0,"","",Support clique,1.0,4-5 people,1.0,disconnected,1.0,"","",N - 1,1.0,"","","","","","",all the other answers are correct,1.0,"","","","",m x n,0.0,people,1.0,co-membership,0.0,"","","","","","","","",Theory,1.0,Schools,0.0,"","","","","","",An Edge,1.0,"","","","","","",Transmitter,1.0,semitpath,1.0,Origin,1.0,"","","","",Three,1.0,"","","","","","",Symmetric,1.0,"","","","",Monetary,1.0,component,1.0,subgraph,1.0,edges,1.0,"","",Closeness centrality,1.0,"","",edges,0.0,"","",star,1.0,"","","","",affiliation,1.0,affiliation,1.0,"","",active network,1.0,"","","","","","",Asymmetric,1.0,Role Relation,1.0,"","","","","","",Closeness centrality,1.0,"","","","","","","","","","",weak tie principle,1.0,"","","","",Intersection,1.0,"","","","",Role Relation,1.0,"","",connected,1.0,"","","","","","","","","","","","",diagonal,1.0,"","","","","","",Tie,1.0,"","","","",bridges,1.0,A and C only,1.0,45-50 people,0.0,66,9,66.0
"PALAVALI, SURYA",151290,904996735,25S-SOCIOL-111-LAB-1D,212558,25S-SOCIOL-0111-001D,2025-05-02 00:46:42 UTC,1,"","","","",bipartite,1.0,diagonal,1.0,"","",Scientists and the papers they write,1.0,"","","","","","",People and the friends they have,1.0,"","","","",Granovetter-transitivity,1.0,"","","","","","",Astrological,1.0,Physics,1.0,"","","","","","","","",Mutual,1.0,Subset,1.0,The empty set,1.0,Edges,1.0,Degree,1.0,"","",Union,1.0,"","","","",Incident,1.0,"","","","","","",maximum,1.0,"","","","",semitpath,1.0,"","",Destination,1.0,Geodesic Distance,1.0,"","",Cycle,1.0,"","",Similarity,1.0,"","","","","","","Antisymmetric, symmetric, asymmetric",1.0,"","","","",Symmetric,1.0,"","","","","","","","","","",Active network,1.0,120-150 people,1.0,"","",connected,1.0,path,1.0,"","",connected,1.0,"","",row or column sums,1.0,"","","","",the columns not the rows,1.0,"","",either rows or columns,1.0,"","","","",Betweenness centrality,1.0,"","","","",column,1.0,"","",m x m,1.0,"","","","","","","","","","",strongly,1.0,Geology,1.0,"","","source, destination",1.0,"","",adjacent,1.0,"edges, edge-deleted",1.0,"","",Vertex,1.0,"","",Isolate,1.0,"","",Inner,1.0,length,1.0,Giving advice,1.0,"","","","","","",Asymmetric,1.0,Interaction,1.0,"","","","",4-5 people,1.0,"","",Geodesic Distance,1.0,"","","","","","",Indegree,1.0,all the other answers are correct,1.0,"","",Degree centrality,1.0,"","",people,1.0,"","","","","","",strong,1.0,"","",Theory,1.0,Tik Tok,1.0,"","","","",Carrier,1.0,An Edge,1.0,"","","","","","",Transmitter,1.0,"","",Origin,1.0,semicycle,1.0,"","",Three,1.0,Asymmetric,1.0,"","","","","","",Similarity,1.0,"","","","","","","","","","","","","","","","",edges,0.0,Betweenness centrality,1.0,"","","","","","","","","","","","","","",Granovetter-transitivity,1.0,weak,1.0,"","","","","","","","","","",path,1.0,"","","","","","",two sets of vertices and one set of edges,1.0,disjoint,1.0,"","","","","","","","","","","","","","","","",Affinity group,1.0,"","","","","","",Being somebody’s boss,1.0,disconnected,1.0,"","",bipartite,1.0,"","","","","","","","","","","","",Symmetric,1.0,"","","","",45-50 people,0.0,73,2,73.0
"HALIBI, HEBAH",94239,306059295,25S-SOCIOL-111-LAB-1E,212566,25S-SOCIOL-0111-001E,2025-05-02 00:31:40 UTC,1,"","","","","","","","","","",People on a social media website and the other accounts they follow,0.0,"","","","","","",Scientists and papers they write,0.0,strong,1.0,"","","","","","","","","","","","","","",The brain,1.0,Actors,1.0,Indegree,1.0,"","","","","","","","","","","","",outdegree,1.0,"","",empty,1.0,Nonadjacent,1.0,Incident,1.0,Adjacent,1.0,Receiver,1.0,"","",maximum,1.0,"","","","","","","","","","","","",strongly,1.0,"","","","",Similarity,1.0,"","",Asymmetric,1.0,"","","","","","","","",Symmetric,1.0,"","",Antisymmetric,1.0,Sympathy group,1.0,"","","","",Active network,1.0,120-150 people,1.0,"","",connected,1.0,path,1.0,"","","","","","",row or column sums,1.0,(N-1)(N-2),1.0,"","",the columns not the rows,1.0,Outdegree centrality,1.0,either rows or columns,1.0,"","","","","","",co-membership,0.0,"","","","","","","","","","","","","","","","","","","","","","","","","","","","","","","edges, edge-deleted",1.0,"","","","","","",Isolate,1.0,Length,1.0,Inner,1.0,"","","","",Interaction,1.0,"","","","",Asymmetric,1.0,Interaction,1.0,"","","","",4-5 people,1.0,disconnected,1.0,"","",N - 1,1.0,"","","","",Indegree,1.0,"","",closeness,1.0,Degree centrality,1.0,m x m,0.0,"","",co-membership,0.0,off-diagonal,1.0,"","","","","","",Theory,1.0,"","","","","","","","",An Edge,1.0,Null,1.0,Common neighbor,1.0,Isolates,1.0,Transmitter,1.0,semitpath,1.0,"","",semicycle,1.0,mutually,1.0,Three,1.0,"","","","","","",Symmetric,1.0,Similarity,1.0,"","","","","","","","","","","","",Closeness centrality,1.0,"","","","","","","","",row,1.0,bipartite,1.0,"","","","","","",active network,1.0,Granovetter-transitivity,1.0,"","",Measurement,1.0,"","","","","","","","",path,1.0,"","","","",the number of edges,1.0,"","","","",Frequency of activation,1.0,"","","","","","",Intersection,1.0,weakly,0.0,diameter,1.0,Role Relation,1.0,"","",connected,1.0,"","","","","","","","","","",bipartite,1.0,"","","","","","","","",Tie,1.0,"","","","",bridges,1.0,"","",12-15 people,1.0,69,6,69.0
"CORTES, NADIA",200654,506396771,25S-SOCIOL-111-LAB-1F,212585,25S-SOCIOL-0111-001F,2025-05-02 00:25:10 UTC,1,"","","","",bipartite,1.0,"","","","","","","","",co-membership,0.0,adjacency,1.0,"","","","",Density,1.0,Granovetter-transitivity,1.0,strong,1.0,"","","","","","",Physics,1.0,The brain,1.0,"","","","",Asymmetric,1.0,"","",Subset,1.0,The empty set,1.0,Edges,1.0,"","",outdegree,1.0,"","","","","","",Incident,1.0,Adjacent,1.0,"","","","","","",eccentricity,1.0,weakly,1.0,semitpath,1.0,"","","","","","","","","","",weakly,1.0,"","","","","","","","","","","","","","","","","","",Asymmetric,0.0,Support clique,0.0,neocortex; group,0.0,"","",Active network,1.0,"","",at least two components,1.0,connected,1.0,"","","","",connected,1.0,"","","","",N-1,0.0,"","",the columns not the rows,1.0,Outdegree centrality,1.0,"","","","","","","","",co-membership,0.0,m x p,1.0,"","","","","","",groups,1.0,"","","","","","","","","","","","",People,1.0,"","",Neighborhood,1.0,adjacent,1.0,"edges, edge-deleted",1.0,"","","","",Empirical,1.0,"","",Length,1.0,Inner,1.0,"","","","",Interaction,1.0,"","",Asymmetric,1.0,Symmetric,0.0,"","",Similarity,1.0,"","","","","","",Geodesic Distance,1.0,N - 1,1.0,Indegree centrality,1.0,Betweenness,1.0,"","","","",closeness,1.0,Degree centrality,1.0,"","","","","","",off-diagonal,1.0,Intimacy,1.0,"","","","","","","","","","","","",Carrier,1.0,"","","","",Common neighbor,1.0,Isolates,1.0,Transmitter,1.0,semitpath,1.0,"","",semicycle,1.0,"","",Three,1.0,Asymmetric,1.0,"","","","","","","","",Symmetric,1.0,Monetary,1.0,component,1.0,"","","","",Degree centrality,1.0,"","","","","","","","","","",row,1.0,"","","","",affiliation,1.0,"","","","","","",weak,1.0,"","","","",Role Relation,1.0,"","","","","","","","","","","","",two sets of vertices and one set of edges,1.0,"","","","","","","","",Social,1.0,"","","","",diameter,1.0,Role Relation,1.0,Affinity group,1.0,connected,1.0,"","",Astrophysics,1.0,"","","","","","","","","","","","","","","","","","","","",Symmetric,1.0,"","","","","","",68,7,68.0
"SHAHI, NAVDEEP",65407,705746864,25S-SOCIOL-111-LAB-1D,212558,25S-SOCIOL-0111-001D,2025-05-02 00:23:14 UTC,1,"","","","","","",diagonal,1.0,"","",Scientists and the papers they write,1.0,"","",group overlap,1.0,"","","","","","","","","","","","","","","","","","","","","","",Actors,1.0,Indegree,1.0,"","",Mutual,1.0,"","","","",Edges,1.0,"","","","",Union,1.0,empty,1.0,Nonadjacent,1.0,"","",Adjacent,1.0,"","",Adjacent,1.0,maximum,1.0,"","","","","","",cycles,1.0,"","",Geodesic Distance,1.0,"","",Cycle,1.0,"","","","","","","","",Symmetric,1.0,"","","","","","",Symmetric,1.0,Antisymmetric,1.0,"","",Sympathy group,1.0,"","","","","","",120-150 people,1.0,at least two components,1.0,"","",path,1.0,vertices,1.0,"","","","",row or column sums,1.0,"","","","",the columns not the rows,1.0,"","",either rows or columns,1.0,All of the other answers are correct,1.0,"","","","",group overlap,1.0,"","",column,1.0,"","","","",groups,1.0,"","","","","","","","","","",Geology,1.0,"","","","",Neighborhood,1.0,"","","edges, edge-deleted",1.0,"","","","","","",Isolate,1.0,"","",Inner,1.0,length,1.0,"","","","","","",Asymmetric,1.0,"","","","",Similarity,1.0,"","",4-5 people,1.0,disconnected,1.0,"","","","",Indegree centrality,1.0,Betweenness,1.0,"","","","","","",Degree centrality,1.0,"","","","","","","","","","",strong,1.0,novel,1.0,"","","","","","","","",Carrier,1.0,An Edge,1.0,"","",Common neighbor,1.0,"","",Transmitter,1.0,"","","","",semicycle,1.0,"","",Four,0.0,"","",Asymmetric,1.0,symmetric,1.0,Symmetric,1.0,"","","","","","",component,1.0,"","","","",Degree centrality,1.0,"","","","",edges,0.0,"","",star,1.0,"","","","","","","","",the transpose,1.0,"","",Granovetter-transitivity,1.0,"","",Measurement,1.0,"","",Role Relation,1.0,12-15 people,1.0,"","","","","","","","",the number of edges,1.0,"","","","","","","","","","","","","","",unilaterally,1.0,diameter,1.0,Role Relation,1.0,Affinity group,1.0,"","","","",Astrophysics,1.0,"","","","","","",bipartite,1.0,"","","","",n = q,1.0,"","",Tie,1.0,"","","","",bridges,1.0,A and C only,1.0,"","",73,2,73.0
"BAK, CHANGYEONG",212923,905553557,25S-SOCIOL-111-LAB-1A,212578,25S-SOCIOL-0111-001A,2025-05-01 23:55:24 UTC,1,it has two sum of degrees,1.0,"","",bipartite,1.0,"","","","","","",co-membership,1.0,"","",co-membership,0.0,"","",strong,1.0,"","","","","","","","","","",Astrological,1.0,"","","","","","",Indegree,1.0,"","",Mutual,1.0,Subset,1.0,"","",Edges,1.0,Degree,1.0,"","","","","","",Nonadjacent,1.0,Incident,1.0,"","",Receiver,1.0,"","","","","","",weakly,1.0,"","",cycles,1.0,"","","","",strongly,1.0,Cycle,1.0,weakly,1.0,"","",Being in the same class,1.0,"","",Symmetric,1.0,"","",Interaction,1.0,Symmetric,1.0,"","",Antisymmetric,1.0,Antisymmetric,1.0,Sympathy group,1.0,neocortex; group,0.0,"","",Active network,1.0,"","","","",connected,1.0,path,1.0,"","","","",Harmonic,1.0,"","","","",the rows not the columns,1.0,"","","","","","",All of the other answers are correct,1.0,"","",Betweenness centrality,1.0,co-membership,0.0,"","","","","","","","","","","","","","",simmelian,1.0,"","","","","","",People,1.0,"","",Neighborhood,1.0,"","","edges, edge-deleted",1.0,Vertices,1.0,"","","","",Isolate,1.0,Length,1.0,Inner,1.0,"","","","","","","","","","","","","","","","",Support clique,1.0,"","","","","","",N - 1,1.0,"","","","",Outdegree,0.0,"","",closeness,1.0,"","","","","","","","","","","","","","","","",Theory,1.0,"","","","",Schools,1.0,"","","","",Null,1.0,"","","","",Transmitter,1.0,"","","","",semicycle,1.0,mutually,1.0,Three,1.0,Asymmetric,1.0,Asymmetric,1.0,"","","","","","","","","","",component,1.0,"","","","","","","","",Closeness centrality,1.0,"","",Betweenness centrality,1.0,"","","","",bipartite,1.0,"","",affiliation,1.0,"","","","","","","","","","","","","","",12-15 people,1.0,giant component,1.0,"","",Closeness centrality,1.0,"","","","",two sets of vertices and one set of edges,1.0,disjoint,1.0,"","","","",weak,1.0,Social,1.0,Intersection,1.0,"","","","",Role Relation,1.0,"","","","","","","","","","",disconnected,1.0,"","","","",diagonal,1.0,"","","","","","","","",many,1.0,Symmetric,1.0,bridges,1.0,"","","","",71,4,71.0
"ANAYA, MATEO",200338,206172447,25S-SOCIOL-111-LAB-1E,212566,25S-SOCIOL-0111-001E,2025-05-01 23:53:26 UTC,1,it has two sum of degrees,1.0,"","","","","","","","",People on a social media website and the other accounts they follow,0.0,co-membership,1.0,"","",adjacency,1.0,People and the friends they have,1.0,"","","","","","",weak,0.0,"","","","","","","","",The brain,1.0,"","",Indegree,1.0,Asymmetric,1.0,"","",Subset,1.0,"","","","",Degree,1.0,outdegree,1.0,"","","","",Nonadjacent,1.0,Incident,1.0,"","","","","","","","",eccentricity,1.0,weakly,1.0,semitpath,1.0,cycles,1.0,Destination,1.0,Geodesic Distance,1.0,"","","","","","","","",Being in the same class,1.0,"","","","","Asymmetric, symmetric, antisymmetric",0.0,Interaction,1.0,Asymmetric,0.0,"","","","",Asymmetric,0.0,Sympathy group,1.0,"","","","",Active network,1.0,"","","","","","",path,1.0,components,0.0,connected,1.0,Harmonic,1.0,row or column sums,1.0,"","","","","","",Indegree centrality,0.0,"","","","","","",Betweenness centrality,1.0,co-membership,0.0,"","","","","","","","","","",Duration,1.0,"","","","","","",strongly,1.0,"","","","","source, destination",1.0,Neighborhood,1.0,adjacent,1.0,"edges, edge-deleted",1.0,"","",Vertex,1.0,"","",Isolate,1.0,Length,1.0,"","",length,1.0,"","","","",Symmetric,0.0,"","",Reciprocal,0.0,"","","","",Support clique,1.0,"","","","","","",N - 1,1.0,Indegree centrality,1.0,"","",Indegree,1.0,"","","","",Degree centrality,1.0,"","","","",group overlap,1.0,"","","","",strong,1.0,"","",Theory,1.0,Tik Tok,1.0,"","",Schools,1.0,"","","","",Null,1.0,"","","","",Transmitter,1.0,"","","","",cycle,0.0,"","","","","","","","","","","","","","","","",Monetary,1.0,subgraph,0.0,subgraph,1.0,"","","","","","","","",edges,0.0,"","",null,0.0,"","","","","","","","",the transpose,1.0,"","","","","","","","",Asymmetric,1.0,"","","","","","","","","","",co-membership,1.0,"","","","",disjoint,1.0,"","","","","","",Social,1.0,"","","","",diameter,1.0,Role Relation,1.0,"","","","","","","","","","","","","","","","","","","","","","",strength,1.0,"","","","",Symmetric,1.0,"","","","",120-150 people,0.0,60,15,60.0
"HOLMES, JADA",133514,606283641,25S-SOCIOL-111-LAB-1A,212578,25S-SOCIOL-0111-001A,2025-05-01 23:42:57 UTC,1,"","",co-membership,1.0,"","","","",affiliation,1.0,"","","","",co-membership,0.0,adjacency,1.0,"","","","","","","","","","","","","","","","",Physics,1.0,"","",Actors,1.0,"","","","","","",Subset,1.0,The empty set,1.0,Edges,1.0,"","",outdegree,1.0,"","","","",Nonadjacent,1.0,Incident,1.0,Adjacent,1.0,Receiver,1.0,"","",maximum,1.0,eccentricity,1.0,"","","","","","",Destination,1.0,Geodesic Distance,1.0,"","","","",weakly,1.0,"","","","","","","","","Asymmetric, symmetric, antisymmetric",0.0,"","","","","","","","",Asymmetric,0.0,Sympathy group,1.0,"","","","","","","","",at least two components,1.0,"","","","","","","","","","",row or column sums,1.0,"","","","","","",Outdegree centrality,1.0,"","","","",Outdegree,1.0,"","","","","","","","","","","","",groups,1.0,"","","","","","","","",strongly,1.0,Geology,1.0,"","","source, destination",1.0,Neighborhood,1.0,adjacent,1.0,"edges, edge-deleted",1.0,Vertices,1.0,"","","","","","",Length,1.0,"","","","","","","","","","","","","","","","",Similarity,1.0,"","",4-5 people,1.0,"","","","",N - 1,1.0,"","",Betweenness,1.0,Indegree,1.0,"","","","","","","","","","","","",off-diagonal,1.0,Intimacy,1.0,"","","","","","","","","","","","",Carrier,1.0,"","","","","","","","","","","","","","",cycle,0.0,"","",Three,1.0,Asymmetric,1.0,Asymmetric,1.0,"","","","","","",Symmetric,1.0,Monetary,1.0,"","",subgraph,1.0,"","","","","","","","",edges,0.0,Betweenness centrality,1.0,star,1.0,row,1.0,"","",affiliation,1.0,"","","","","","","","","","",Measurement,1.0,Nonreciprocal,0.0,Role Relation,1.0,12-15 people,1.0,giant component,1.0,path,1.0,"","",co-membership,1.0,the number of edges,1.0,"","","","","","",weak tie principle,1.0,"","","","",Intersection,1.0,unilaterally,1.0,diameter,1.0,"","","","",connected,1.0,"","","","",Being somebody’s boss,1.0,"","",Weakly Connected,1.0,"","","","",weak,1.0,"","","","",Tie,1.0,"","",Symmetric,1.0,"","",A and C only,1.0,45-50 people,0.0,68,7,68.0
"ANAYA, IZAIAH",200351,806514297,25S-SOCIOL-111-LAB-1E,212566,25S-SOCIOL-0111-001E,2025-05-01 23:23:17 UTC,1,"","",affiliation,0.0,"","","","","","","","","","","","","","","","","","",Duration,0.0,"","","","",more,1.0,Computer Science,0.0,Astrological,1.0,"","",The brain,1.0,"","",Indegree,1.0,"","","","",Subset,1.0,The empty set,1.0,Edges,1.0,"","",outdegree,1.0,Union,1.0,"","",Nonadjacent,1.0,"","",Adjacent,1.0,"","",Adjacent,1.0,maximum,1.0,"","","","",path,0.0,"","","","","","","","","","",weakly,1.0,"","",Being in the same class,1.0,"","",Symmetric,1.0,"Symmetric, asymmetric, antisymmetric",0.0,"","","","","","","","","","",Sympathy group,1.0,"","","","",Active network,1.0,120-150 people,1.0,"","","","",path,1.0,"","",hierarchical,0.0,"","","","","","",the rows not the columns,1.0,the columns not the rows,1.0,Outdegree centrality,1.0,either rows or columns,1.0,"","",Outdegree,1.0,Betweenness centrality,1.0,group overlap,1.0,"","","","",off-diagonal,1.0,"","",groups,1.0,"","","","",simmelian,1.0,"","","","","","","","","source, destination",1.0,Neighborhood,1.0,"","","","","","","","","","",Isolate,1.0,Length,1.0,Inner,1.0,length,1.0,"","",Interaction,1.0,"","",Asymmetric,1.0,"","",Interaction,1.0,"","","","",4-5 people,1.0,"","","","","","","","","","",Indegree,1.0,"","","","","","",m x m,0.0,people,1.0,"","",off-diagonal,1.0,"","","","","","","","",Tik Tok,1.0,"","","","",Carrier,1.0,"","","","","","",Isolates,1.0,Transmitter,1.0,semitpath,1.0,"","","","",indirectly,0.0,Three,1.0,"","","","",symmetric,1.0,"","",Role Relation,0.0,"","","","","","",subgraph,1.0,"","","","","","",Betweenness centrality,0.0,"","","","",star,1.0,"","","","","","",affiliation,1.0,"","",active network,1.0,"","",weak,1.0,"","",Asymmetric,1.0,"","",12-15 people,1.0,"","",path,1.0,Outdegree centrality,0.0,"","",the number of edges,1.0,"","","","","","","","","","","","","","","","",diameter,1.0,"","","","","","","","","","","","",disconnected,1.0,"","","","",diagonal,1.0,"","","","","","",Tie,1.0,"","",Symmetric,1.0,"","","","","","",64,11,64.0
"ALEGRE, MIKAELA YSABELLE",120103,006167705,25S-SOCIOL-111-LAB-1B,212554,25S-SOCIOL-0111-001B,2025-05-01 23:21:47 UTC,1,"","","","",bipartite,1.0,"","",affiliation,1.0,"","","","",co-membership,0.0,"","","","","","",Density,1.0,"","",strong,1.0,"","","","",Astrological,1.0,"","",The brain,1.0,"","","","",Asymmetric,1.0,"","",Subset,1.0,"","",Edges,1.0,"","","","","","","","",Nonadjacent,1.0,Incident,1.0,Adjacent,1.0,Receiver,1.0,"","","","","","","","",semitpath,1.0,cycles,1.0,Destination,1.0,Geodesic Distance,1.0,strongly,1.0,"","","","",Similarity,1.0,Being in the same class,1.0,Asymmetric,1.0,"","","","",Role Relation,0.0,"","","","","","",Antisymmetric,1.0,Sympathy group,1.0,neocortex; group,0.0,"","","","",120-150 people,1.0,"","",connected,1.0,path,1.0,"","",connected,1.0,"","",row sums not column sums,0.0,(N-1)(N-2),1.0,"","",the columns not the rows,1.0,Outdegree centrality,1.0,"","","","","","",Betweenness centrality,1.0,"","",m x p,1.0,"","","","","","","","","","",weak,1.0,"","","","","","",Geology,1.0,People,1.0,"","","","",adjacent,1.0,"","",Vertices,1.0,Vertex,1.0,"","",Isolate,1.0,Length,1.0,Inner,1.0,length,1.0,"","","","","","","","","","","","",Similarity,1.0,"","","","","","","","","","","","",Betweenness,1.0,"","","","",closeness,1.0,Degree centrality,1.0,n x n,1.0,"","",group overlap,1.0,"","","","","","",novel,1.0,"","","","","","","","",Carrier,1.0,"","",Null,1.0,Common neighbor,1.0,Isolates,1.0,"","","","","","","","",mutually,1.0,Three,1.0,"","","","","","",Symmetric,1.0,"","","","",Monetary,1.0,component,1.0,"","","","","","",Closeness centrality,1.0,"","","","","","",star,1.0,"","","","",affiliation,1.0,affiliation,1.0,the transpose,1.0,"","","","","","",Analysis,0.0,Asymmetric,1.0,Role Relation,1.0,12-15 people,1.0,"","",path,1.0,"","","","","","","","","","","","","","","","","","","","","","","","",Role Relation,1.0,"","","","",All of these are properties of strong ties,1.0,"","","","","","","","",bipartite,1.0,"","","","","","","","","","","","","","","","","","","","",70,5,70.0
"NAVARRO, LAUREN",132946,306281549,25S-SOCIOL-111-LAB-1C,212555,25S-SOCIOL-0111-001C,2025-05-01 23:03:43 UTC,1,"","",co-membership,1.0,bipartite,1.0,"","","","","","","","","","","","","","","","","","","","","","","","","","","","",Physics,1.0,"","",Actors,1.0,"","",Asymmetric,1.0,"","",Subset,1.0,The empty set,1.0,"","","","","","","","","","","","",Incident,1.0,Adjacent,1.0,Receiver,1.0,Adjacent,1.0,maximum,1.0,eccentricity,1.0,weakly,1.0,"","",cycles,1.0,Destination,1.0,"","",strongly,1.0,"","","","","","",Being in the same class,1.0,"","","","","Asymmetric, symmetric, antisymmetric",0.0,"","","","","","",Asymmetric,0.0,Asymmetric,0.0,Sympathy group,1.0,neocortex; group,0.0,"","",Active network,1.0,"","",at least two components,1.0,"","","","","","",connected,1.0,Harmonic,1.0,"","","","","","","","","","",either rows or columns,1.0,"","",Outdegree,1.0,Betweenness centrality,1.0,"","","","","","","","",m x m,1.0,groups,1.0,Duration,1.0,"","",simmelian,1.0,weak,1.0,"","","","",People,1.0,"source, destination",1.0,Neighborhood,1.0,"","","","",Vertices,1.0,"","","","",Isolate,1.0,"","",Inner,1.0,length,1.0,"","",Interaction,1.0,"","","","","","",Interaction,1.0,Interaction,0.0,Support clique,1.0,"","",disconnected,1.0,"","",N - 1,1.0,"","",Betweenness,1.0,"","",all the other answers are correct,1.0,"","",Degree centrality,1.0,"","","","","","",off-diagonal,1.0,"","","","","","",Theory,1.0,"","","","","","",Carrier,1.0,An Edge,1.0,"","","","",Isolates,1.0,Transmitter,1.0,semitpath,1.0,Origin,1.0,"","","","","","","","","","",symmetric,1.0,"","","","",Symmetric,1.0,"","","","","","","","",Degree centrality,1.0,"","","","","","","","",star,1.0,row,1.0,"","",affiliation,1.0,"","","","","","","","","","","","","","","","","","","","","","","","",co-membership,1.0,the number of edges,1.0,two sets of vertices and one set of edges,1.0,"","",Frequency of activation,1.0,"","","","","","","","","","","","",Role Relation,1.0,Affinity group,1.0,connected,1.0,"","",Astrophysics,1.0,"","",disconnected,1.0,"","","","","","",weak,1.0,"","","","","","","","","","","","","","","","",70,5,70.0
"MACARAEG, JULIAN KYLE",93826,205684284,25S-SOCIOL-111-LAB-1F,212585,25S-SOCIOL-0111-001F,2025-05-01 22:42:03 UTC,1,it has two sum of degrees,1.0,"","",bipartite,1.0,"","","","","","",co-membership,1.0,co-membership,0.0,"","","","","","","","",Granovetter-transitivity,1.0,strong,1.0,"","","","",Astrological,1.0,"","","","",Actors,1.0,Indegree,1.0,"","","","",Subset,1.0,"","",Edges,1.0,"","","","",Union,1.0,empty,1.0,Nonadjacent,1.0,Incident,1.0,"","",Receiver,1.0,Adjacent,1.0,maximum,1.0,eccentricity,1.0,"","","","",cycles,1.0,Destination,1.0,Geodesic Distance,1.0,"","","","",weakly,1.0,"","","","",Asymmetric,1.0,"","","Symmetric, asymmetric, antisymmetric",0.0,"","","","",Symmetric,1.0,"","","","","","","","","","","","","","",at least two components,1.0,connected,1.0,path,1.0,"","","","","","",row or column sums,1.0,(N-1)(N-2),1.0,"","","","","","","","","","","","","","","","","","","","","","","","",groups,1.0,Duration,1.0,weak,1.0,"","","","","","",Geology,1.0,"","","","",Neighborhood,1.0,adjacent,1.0,"","","","",Vertex,1.0,"","",Isolate,1.0,Length,1.0,"","","","","","","","","","",Asymmetric,1.0,Asymmetric,1.0,"","","","",Support clique,1.0,4-5 people,1.0,"","","","","","",Indegree centrality,1.0,"","",Indegree,1.0,all the other answers are correct,1.0,closeness,1.0,"","",n x n,1.0,"","","","","","","","","","","","","","","","","","",Schools,1.0,"","","","","","","","","","",Transmitter,1.0,"","","","","","",mutually,1.0,"","",Asymmetric,1.0,Asymmetric,1.0,symmetric,1.0,"","",Similarity,1.0,"","",Monetary,1.0,"","","","",edges,1.0,"","","","",Closeness centrality,1.0,"","",Betweenness centrality,1.0,"","","","","","","","",affiliation,1.0,the transpose,1.0,"","","","","","",Measurement,1.0,"","","","",12-15 people,1.0,giant component,1.0,"","","","","","",the number of edges,1.0,"","","","","","","","","","","","",Intersection,1.0,unilaterally,1.0,diameter,1.0,Role Relation,1.0,"","","","","","","","","","",disconnected,1.0,Weakly Connected,1.0,"","","","","","",n = q,1.0,"","","","","","","","","","",A and C only,1.0,45-50 people,0.0,72,3,72.0
"ROJAS, ALEXA",82352,905962135,25S-SOCIOL-111-LAB-1C,212555,25S-SOCIOL-0111-001C,2025-05-01 22:24:55 UTC,1,"","","","",bipartite,1.0,"","",affiliation,1.0,"","","","","","",adjacency,1.0,"","","","","","",Granovetter-transitivity,1.0,"","","","",Communication,1.0,"","","","",The brain,1.0,"","","","","","","","",Subset,1.0,"","",Edges,1.0,"","","","","","","","",Nonadjacent,1.0,Incident,1.0,Adjacent,1.0,Receiver,1.0,Adjacent,1.0,maximum,1.0,eccentricity,1.0,"","","","",cycles,1.0,"","",Geodesic Distance,1.0,"","",Cycle,1.0,"","",Similarity,1.0,"","","","",Symmetric,1.0,"","","","","","","","","","",Antisymmetric,1.0,"","",neocortex; group,0.0,"","",Active network,1.0,120-150 people,1.0,"","",connected,1.0,path,1.0,"","",connected,1.0,"","",row or column sums,1.0,(N-1)(N-2),1.0,the rows not the columns,1.0,"","","","","","",All of the other answers are correct,1.0,"","","","","","","","",column,1.0,"","","","",groups,1.0,"","","","","","","","","","","","","","","source, destination",1.0,Neighborhood,1.0,adjacent,1.0,"","",Vertices,1.0,Vertex,1.0,"","",Isolate,1.0,Length,1.0,"","",length,1.0,"","",Interaction,1.0,"","","","","","","","",Similarity,1.0,"","",4-5 people,1.0,"","","","",N - 1,1.0,Indegree centrality,1.0,"","","","","","",closeness,1.0,"","","","",people,1.0,"","","","","","","","","","","","",Tik Tok,1.0,"","","","","","","","",Null,1.0,Common neighbor,1.0,"","","","",semitpath,1.0,"","","","",mutually,1.0,Three,1.0,Asymmetric,1.0,"","",symmetric,1.0,"","","","",Symmetric,1.0,"","","","","","","","",Closeness centrality,0.0,"","","","",nodes,1.0,"","",star,1.0,row,1.0,"","",affiliation,1.0,"","","","","","",Granovetter-transitivity,1.0,weak,1.0,"","",Asymmetric,1.0,"","",12-15 people,1.0,giant component,1.0,"","","","","","","","","","","","",Frequency of activation,1.0,"","","","",Social,1.0,"","","","","","",Role Relation,1.0,"","",connected,1.0,"","",Astrophysics,1.0,"","","","","","",bipartite,1.0,"","","","",n = q,1.0,"","","","","","","","","","",A and C only,1.0,"","",73,2,73.0
"ROBINSON, COOPER",23305,305682091,25S-SOCIOL-111-LAB-1E,212566,25S-SOCIOL-0111-001E,2025-05-01 22:23:35 UTC,1,"","",co-membership,1.0,"","",diagonal,1.0,"","","","","","","","",adjacency,1.0,"","","","",Density,1.0,"","",strong,1.0,"","","","","","","","","","","","",Indegree,1.0,Asymmetric,1.0,"","",Subset,1.0,"","","","",Degree,1.0,outdegree,1.0,Union,1.0,"","","","","","","","","","",Adjacent,1.0,"","",eccentricity,1.0,weakly,1.0,"","",cycles,1.0,"","",Geodesic Distance,1.0,"","","","","","",Similarity,1.0,"","","","","","","","","","",Symmetric,1.0,Symmetric,1.0,"","","","",Support clique,0.0,"","","","",Active network,1.0,"","",at least two components,1.0,"","",path,1.0,vertices,1.0,connected,1.0,"","","","",(N-1)(N-2),1.0,"","","","","","",either rows or columns,1.0,"","",Outdegree,1.0,"","","","","","",diagonal,0.0,off-diagonal,1.0,"","",groups,1.0,"","","","","","","","","","","","",People,1.0,"","",Neighborhood,1.0,"","","edges, edge-deleted",1.0,Vertices,1.0,"","",Empirical,1.0,Isolate,1.0,"","","","","","","","","","","","","","","","",Interaction,1.0,"","","","",4-5 people,1.0,"","","","",N - 1,1.0,"","","","","","",all the other answers are correct,1.0,closeness,1.0,Degree centrality,1.0,"","","","",group overlap,1.0,"","","","","","","","",Theory,1.0,"","","","","","",Carrier,1.0,"","","","",Common neighbor,1.0,"","",Transmitter,1.0,semitpath,1.0,Origin,1.0,semicycle,1.0,"","",Three,1.0,"","","","",symmetric,1.0,"","",Similarity,1.0,Symmetric,1.0,"","",component,1.0,"","","","",Degree centrality,1.0,"","",Closeness centrality,1.0,nodes,1.0,"","","","","","","","","","","","",the transpose,1.0,"","",Granovetter-transitivity,1.0,"","",Measurement,1.0,"","",Role Relation,1.0,"","","","","","","","","","","","","","","","","","","","",weak,1.0,Social,1.0,"","",unilaterally,1.0,diameter,1.0,"","",Affinity group,1.0,"","","","","","",Being somebody’s boss,1.0,"","","","","","",diagonal,1.0,"","",n = q,1.0,strength,1.0,Tie,1.0,"","",Symmetric,1.0,"","","","",45-50 people,0.0,72,3,72.0
"HENDRICKSON, CARLY",105861,206307917,25S-SOCIOL-111-LAB-1F,212585,25S-SOCIOL-0111-001F,2025-05-01 22:23:34 UTC,1,it has two sum of degrees,1.0,co-membership,1.0,"","","","","","","","",affiliation,0.0,"","","","","","","","","","","","","","",more,1.0,"","",Astrological,1.0,"","",The brain,1.0,Actors,1.0,Indegree,1.0,Asymmetric,1.0,"","",Subset,1.0,The empty set,1.0,"","","","",outdegree,1.0,Union,1.0,empty,1.0,Nonadjacent,1.0,Adjacent,0.0,Adjacent,1.0,"","",Adjacent,1.0,"","",eccentricity,1.0,"","",semitpath,1.0,cycles,1.0,"","","","","","",Cycle,1.0,weakly,1.0,"","",Being in the same class,1.0,"","","","","","","","","","",Symmetric,1.0,"","",Antisymmetric,1.0,"","",neocortex; group,0.0,"","",Active network,1.0,120-150 people,1.0,"","",connected,1.0,"","","","","","",Harmonic,1.0,row or column sums,1.0,"","","","",the columns not the rows,1.0,"","","","","","",Outdegree,1.0,Betweenness centrality,1.0,"","","","",diagonal,0.0,off-diagonal,1.0,m x m,1.0,"","","","","","","","",weak,1.0,strongly,1.0,Geology,1.0,"","","","","","","","","edges, edge-deleted",1.0,Vertices,1.0,"","",Empirical,1.0,"","",Length,1.0,Inner,1.0,"","","","",Interaction,1.0,"","",Asymmetric,1.0,"","",Interaction,1.0,"","","","","","",disconnected,1.0,Geodesic Distance,1.0,"","",Indegree centrality,1.0,Betweenness,1.0,"","","","","","","","","","","","",affiliation,0.0,"","",Intimacy,1.0,"","","","","","","","","","","","","","","","","","","","",Isolates,1.0,"","","","",Origin,1.0,"","",mutually,1.0,"","","","","","","","",Symmetric,1.0,Similarity,1.0,"","","","",component,1.0,"","","","","","",Closeness centrality,1.0,"","",edges,0.0,"","","","","","",bipartite,1.0,"","","","","","","","","","","","","","",Asymmetric,1.0,Role Relation,1.0,12-15 people,1.0,giant component,1.0,"","","","","","","","","","",disjoint,1.0,"","","","","","","","","","","","",diameter,1.0,"","",Affinity group,1.0,connected,1.0,"","","","","","","","","","","","","","","","",n = q,1.0,"","",Tie,1.0,"","","","","","",A and C only,1.0,"","",69,6,69.0
"KUAN, VINCENT",199694,006460731,25S-SOCIOL-111-LAB-1B,212554,25S-SOCIOL-0111-001B,2025-05-01 22:21:16 UTC,1,"","","","","","","","","","",Scientists and the papers they write,1.0,"","","","","","",People and the friends they have,1.0,"","","","","","","","","","","","","","",Physics,1.0,"","","","",Indegree,1.0,Asymmetric,1.0,Mutual,1.0,"","",The empty set,1.0,"","",Degree,1.0,outdegree,1.0,"","",empty,1.0,"","",Incident,1.0,"","",Receiver,1.0,"","",maximum,1.0,"","","","","","","","",Endpoint,0.0,Geodesic Distance,1.0,"","",Cycle,1.0,"","","","",Being in the same class,1.0,Antisymmetric,0.0,"","","","",Interaction,1.0,Symmetric,1.0,"","",Antisymmetric,1.0,"","","","","","","","","","",120-150 people,1.0,at least two components,1.0,"","",path,1.0,vertices,1.0,"","","","","","",(N-1)(N-2),1.0,"","","","","","","","","","","","","","",group overlap,1.0,"","",column,1.0,"","","","","","","","","","","","","","",strongly,1.0,Geology,1.0,"","","source, destination",1.0,"","","","","edges, edge-deleted",1.0,"","",Vertex,1.0,Empirical,1.0,"","",Length,1.0,Inner,1.0,length,1.0,"","","","","","",Asymmetric,1.0,"","",Interaction,1.0,Interaction,0.0,"","",4-5 people,1.0,disconnected,1.0,"","","","",Indegree centrality,1.0,"","",Indegree,1.0,"","",closeness,1.0,Degree centrality,1.0,"","","","",co-membership,0.0,"","",Intimacy,1.0,"","","","","","","","",People,1.0,Schools,1.0,"","",An Edge,1.0,Null,1.0,"","","","","","","","","","",cycle,0.0,"","",Three,1.0,"","","","","","","","","","","","",Time,0.0,component,1.0,"","","","","","",Closeness centrality,1.0,Closeness centrality,1.0,"","","","",complete,0.0,"","","","",affiliation,1.0,affiliation,1.0,"","","","","","","","","","","","",Role Relation,1.0,12-15 people,1.0,"","","","",Betweenness centrality,0.0,co-membership,1.0,the number of edges,1.0,"","","","",Frequency of activation,1.0,"","","","","","","","","","",diameter,1.0,"","",Active network,0.0,"","","","","","","","","","",Weakly Connected,1.0,"","","","",weak,1.0,n = q,1.0,"","",Tie,1.0,"","",Symmetric,1.0,"","",A and C only,1.0,"","",66,9,66.0
"DELA CRUZ, LAUREN",122325,306177623,25S-SOCIOL-111-LAB-1D,212558,25S-SOCIOL-0111-001D,2025-05-01 22:20:30 UTC,1,"","",adjacency,0.0,"","","","","","","","",group overlap,0.0,"","",adjacency,1.0,"","","","","","",Granovetter-transitivity,1.0,"","",more,1.0,Communication,1.0,"","","","",The brain,1.0,"","",Indegree,1.0,Asymmetric,1.0,"","","","",The empty set,1.0,Edges,1.0,Degree,1.0,"","","","","","",Nonadjacent,1.0,Connected,0.0,"","",Receiver,1.0,"","","","","","",weakly,1.0,semitpath,1.0,cycles,1.0,Destination,1.0,Geodesic Distance,1.0,"","",Cycle,1.0,"","","","",Being in the same class,1.0,"","","","","","","","","","","","",Antisymmetric,1.0,"","","","","","","","","","","","","","","","","","",vertices,1.0,connected,1.0,"","",row sums not column sums,0.0,"","",the rows not the columns,1.0,"","","","",rows not columns,0.0,All of the other answers are correct,1.0,Outdegree,1.0,"","","","",n x q,0.0,diagonal,0.0,"","","","","","","","","","","","","","","","","","","","","","",Neighborhood,1.0,adjacent,1.0,"","",Links,0.0,Vertex,1.0,"","","","","","",Inner,1.0,"","",Giving advice,1.0,"","",Antisymmetric,1.0,Asymmetric,1.0,Asymmetric,1.0,"","","","",Support clique,1.0,4-5 people,1.0,"","","","","","","","","","","","","","","","",Degree centrality,1.0,m x m,0.0,"","","","","","","","","","","","","","",Tik Tok,1.0,"","",Schools,1.0,Carrier,1.0,"","",Null,1.0,"","",Isolates,1.0,"","",semitpath,1.0,Origin,1.0,"","","","",Three,1.0,"","",Asymmetric,1.0,"","",Symmetric,1.0,"","","","",Monetary,1.0,"","",subgraph,1.0,edges,1.0,"","",Closeness centrality,1.0,"","","","","","",star,1.0,diagonal,0.0,bipartite,1.0,affiliation,1.0,"","",the transpose,1.0,active network,1.0,"","","","","","","","","","",12-15 people,1.0,giant component,1.0,"","","","","","","","","","","","","","","","",weak,1.0,Social,1.0,"","","","","","","","",Affinity group,1.0,connected,1.0,"","","","",Being somebody’s boss,1.0,"","",Weakly Connected,1.0,"","","","","","","","","","","","",many,1.0,Symmetric,1.0,"","","","","","",65,10,65.0
"MEJIA, ADAM",24145,505762483,25S-SOCIOL-111-LAB-1F,212585,25S-SOCIOL-0111-001F,2025-05-01 22:18:08 UTC,1,"","","","","","","","","","","","","","","","","","","","","","","","","","","","","","","","","","","","","","","","","","",Asymmetric,1.0,"","",Subset,1.0,"","",Edges,1.0,"","","","","","",empty,1.0,Nonadjacent,1.0,Nonadjacent,0.0,"","",Receiver,1.0,"","",maximum,1.0,eccentricity,1.0,"","","","","","","","","","",strongly,1.0,"","",weakly,1.0,"","",Being in the same class,1.0,"","","","","","",Role Relation,0.0,Symmetric,1.0,"","","","","","","","",group; neocortex,1.0,"","","","",120-150 people,1.0,at least two components,1.0,connected,1.0,path,1.0,vertices,1.0,"","","","","","","","","","",the columns not the rows,1.0,Outdegree centrality,1.0,"","",All of the other answers are correct,1.0,Outdegree,1.0,"","","","","","","","",off-diagonal,1.0,m x m,1.0,"","","","","","",simmelian,1.0,weak,1.0,"","",Geology,1.0,"","","source, destination",1.0,"","","","","","",Vertices,1.0,Vertex,1.0,Empirical,1.0,"","",Length,1.0,Inner,1.0,"","","","","","","","","","","","","","","","",Support clique,1.0,"","","","","","","","","","","","","","","","",closeness,1.0,"","",n x n,1.0,"","",co-membership,0.0,"","","","","","",novel,1.0,Theory,1.0,"","",People,1.0,"","","","",An Edge,1.0,"","",Common neighbor,1.0,Isolates,1.0,Transmitter,1.0,"","",Destination,0.0,"","",mutually,1.0,Three,1.0,Asymmetric,1.0,Asymmetric,1.0,symmetric,1.0,"","",Similarity,1.0,"","","","","","","","","","",Degree centrality,1.0,Degree centrality,0.0,"","",edges,0.0,Betweenness centrality,1.0,star,1.0,"","","","",affiliation,1.0,"","",the transpose,1.0,"","","","","","",Measurement,1.0,Asymmetric,1.0,Role Relation,1.0,45-50 people,0.0,"","","","","","","","",the number of edges,1.0,"","",disjoint,1.0,"","","","","","",Social,1.0,"","",unilaterally,1.0,"","",Role Relation,1.0,Sympathy group,0.0,connected,1.0,All of these are properties of strong ties,1.0,"","","","","","","","",bipartite,1.0,diagonal,1.0,"","","","","","","","",many,1.0,"","","","","","","","",67,8,67.0
"COHAN, KADEN",122505,306231192,25S-SOCIOL-111-LAB-1E,212566,25S-SOCIOL-0111-001E,2025-05-01 22:14:33 UTC,1,"","","","","","","","","","",Scientists and the papers they write,1.0,co-membership,1.0,group overlap,1.0,"","","","","","",Density,1.0,Granovetter-transitivity,1.0,"","","","","","","","",Physics,1.0,The brain,1.0,"","",Indegree,1.0,Asymmetric,1.0,"","","","",The empty set,1.0,Edges,1.0,"","",outdegree,1.0,"","",empty,1.0,Nonadjacent,1.0,"","","","","","","","","","",eccentricity,1.0,"","",semitpath,1.0,"","",Destination,1.0,Geodesic Distance,1.0,strongly,1.0,"","",weakly,1.0,"","","","","","",Symmetric,1.0,"Asymmetric, antisymmetric, symmetric",0.0,Interaction,1.0,Symmetric,1.0,Symmetric,1.0,"","",Asymmetric,0.0,"","","","","","",Active network,1.0,120-150 people,1.0,at least two components,1.0,"","","","",vertices,1.0,"","",Harmonic,1.0,"","","","",the rows not the columns,1.0,"","",Outdegree centrality,1.0,"","",All of the other answers are correct,1.0,"","","","","","","","","","","","","","","","","","","","","","","","","","","","",People,1.0,"source, destination",1.0,Neighborhood,1.0,adjacent,1.0,"","",Vertices,1.0,"","","","",Isolate,1.0,"","","","",length,1.0,"","",Interaction,1.0,Antisymmetric,1.0,"","",Asymmetric,1.0,"","","","",Support clique,1.0,"","","","","","","","","","","","","","","","",closeness,1.0,Degree centrality,1.0,"","","","",group overlap,1.0,off-diagonal,1.0,"","","","",novel,1.0,"","",Tik Tok,1.0,People,1.0,"","",Carrier,1.0,An Edge,1.0,"","","","",Isolates,1.0,"","","","",Origin,1.0,semicycle,1.0,mutually,1.0,"","","","","","",symmetric,1.0,"","","","","","","","","","",subgraph,1.0,edges,1.0,"","",Closeness centrality,1.0,Closeness centrality,1.0,"","",Betweenness centrality,1.0,"","",row,1.0,"","","","","","","","","","","","","","","","","","","","","","",giant component,1.0,path,1.0,"","",co-membership,1.0,"","",two sets of vertices and one set of edges,1.0,"","",Frequency of activation,1.0,"","",weak,1.0,"","","","","","","","","","",Sympathy group,0.0,"","","","","","","","","","","","","","",diagonal,1.0,"","",n = q,1.0,"","","","","","","","","","","","",12-15 people,1.0,72,3,72.0
"BENYAMINI, ABIGAIL",202628,806458244,25S-SOCIOL-111-LAB-1B,212554,25S-SOCIOL-0111-001B,2025-05-01 22:02:16 UTC,1,"","",co-membership,1.0,"","",diagonal,1.0,affiliation,1.0,"","","","","","",adjacency,1.0,People and the friends they have,1.0,"","","","","","","","",more,1.0,"","",Astrological,1.0,"","",The brain,1.0,Actors,1.0,"","",Asymmetric,1.0,"","",Subset,1.0,"","","","",Degree,1.0,"","",Union,1.0,"","","","","","",Adjacent,1.0,"","",Adjacent,1.0,"","",eccentricity,1.0,"","",semitpath,1.0,"","","","","","",strongly,1.0,Cycle,1.0,"","",Similarity,1.0,"","","","","","","","","","","","","","","","","","","","",neocortex; group,0.0,"","",Active network,1.0,"","","","","","",path,1.0,"","",connected,1.0,"","",row or column sums,1.0,"","","","","","",Outdegree centrality,1.0,either rows or columns,1.0,All of the other answers are correct,1.0,"","","","","","",m x p,1.0,"","",off-diagonal,1.0,"","","","","","","","","","",weak,1.0,"","","","","","","source, destination",1.0,Neighborhood,1.0,adjacent,1.0,"","","","",Vertex,1.0,Empirical,1.0,"","","","",Inner,1.0,"","","","",Interaction,1.0,Antisymmetric,1.0,"","",Reciprocal,0.0,"","","","","","",4-5 people,1.0,"","","","","","",Indegree centrality,1.0,Betweenness,1.0,"","","","","","","","","","","","","","","","","","","","",novel,1.0,"","","","",People,1.0,Schools,1.0,Carrier,1.0,"","",Null,1.0,"","",Isolates,1.0,"","",path,0.0,Inner,0.0,cycle,0.0,"","","","","","",Asymmetric,1.0,symmetric,1.0,Symmetric,1.0,"","","","","","","","",subgraph,1.0,edges,1.0,"","","","","","","","","","",star,1.0,"","","","","","","","","","","","",Granovetter-transitivity,1.0,"","","","",Asymmetric,1.0,Role Relation,1.0,12-15 people,1.0,"","","","",Closeness centrality,1.0,"","",the number of edges,1.0,"","",disjoint,1.0,"","","","","","","","",Intersection,1.0,unilaterally,1.0,diameter,1.0,"","","","",connected,1.0,"","","","","","",disconnected,1.0,Weakly Connected,1.0,"","","","","","",n = q,1.0,"","","","","","",Symmetric,1.0,"","",A and C only,1.0,12-15 people,1.0,70,5,70.0
"JACKSON, AMBER",45801,705670454,25S-SOCIOL-111-LAB-1A,212578,25S-SOCIOL-0111-001A,2025-05-01 22:01:41 UTC,1,it has two average degrees,0.0,"","","","","","","","","","","","","","",adjacency,1.0,"","","","",Density,1.0,Granovetter-transitivity,1.0,weak,0.0,"","",Communication,1.0,Astrological,1.0,"","","","",Actors,1.0,"","",Asymmetric,1.0,Mutual,1.0,"","","","","","",Degree,1.0,outdegree,1.0,Union,1.0,empty,1.0,"","",Incident,1.0,"","",Receiver,1.0,"","",maximum,1.0,"","",weakly,1.0,path,0.0,cycles,1.0,Destination,1.0,Geodesic Distance,1.0,"","","","","","","","",Being in the same class,1.0,Asymmetric,1.0,"","","","","","",Symmetric,1.0,"","","","","","","","","","","","","","",120-150 people,1.0,at least two components,1.0,"","","","",vertices,1.0,"","","","","","",(N-1)(N-2),1.0,"","","","",Outdegree centrality,1.0,"","",All of the other answers are correct,1.0,"","",Betweenness centrality,1.0,"","",m x p,1.0,column,1.0,"","","","",groups,1.0,"","","","","","","","","","","","",People,1.0,"source, destination",1.0,"","",adjacent,1.0,"edges, edge-deleted",0.0,"","","","","","",Isolate,1.0,"","",Inner,1.0,"","","","","","",Antisymmetric,1.0,"","",Reciprocal,0.0,"","",Interaction,0.0,Support clique,1.0,"","","","",Geodesic Distance,1.0,"","",Indegree centrality,1.0,Betweenness,1.0,"","","","",closeness,1.0,"","","","",people,1.0,"","","","","","","","","","","","","","","","","","","","","","",Null,1.0,Common neighbor,1.0,Isolates,1.0,"","","","","","","","",mutually,1.0,Three,1.0,"","","","","","","","","","","","",Monetary,1.0,"","",subgraph,1.0,"","","","","","","","",edges,0.0,"","",star,1.0,"","",bipartite,1.0,"","","","","","","","","","",weak,1.0,"","","","",Role Relation,1.0,12-15 people,1.0,"","","","","","","","",the number of edges,1.0,"","",disjoint,1.0,"","","","","","","","","","","","",diameter,1.0,Role Relation,1.0,Affinity group,1.0,connected,1.0,"","","","",Being somebody’s boss,1.0,disconnected,1.0,"","","","","","","","",n = q,1.0,strength,1.0,Tie,1.0,"","",Symmetric,1.0,"","","","","","",68,7,68.0
"SANCHEZ ALVARADO, LIZBETH",93777,105965005,25S-SOCIOL-111-LAB-1A,212578,25S-SOCIOL-0111-001A,2025-05-01 22:01:22 UTC,1,"","","","",bipartite,1.0,"","",affiliation,1.0,"","","","","","","","","","","","","","","","",strong,1.0,"","",Communication,1.0,Astrological,1.0,"","","","","","",Indegree,1.0,"","",Mutual,1.0,Subset,1.0,"","","","",Degree,1.0,"","","","","","",Nonadjacent,1.0,Incident,1.0,Adjacent,1.0,Receiver,1.0,Adjacent,1.0,maximum,1.0,"","",weakly,1.0,"","",cycles,1.0,Destination,1.0,Geodesic Distance,1.0,strongly,1.0,Cycle,1.0,weakly,1.0,Similarity,1.0,"","","","","","","","","","","","","","","","","","",Affinity group,0.0,"","","","","","","","","","",connected,1.0,"","","","",connected,1.0,"","",row or column sums,1.0,"","","","",the columns not the rows,1.0,"","",either rows or columns,1.0,All of the other answers are correct,1.0,"","","","","","","","","","",off-diagonal,1.0,m x m,1.0,groups,1.0,"","","","",simmelian,1.0,"","","","",Geology,1.0,"","","","","","",adjacent,1.0,"edges, edge-deleted",1.0,"","",Vertex,1.0,"","","","","","","","","","","","",Interaction,1.0,Symmetric,0.0,"","",Reciprocal,0.0,"","","","","","",4-5 people,1.0,"","","","","","","","","","","","","","","","","","","","",people,1.0,"","",off-diagonal,1.0,"","","","","","","","","","",People,1.0,"","","","","","","","",Common neighbor,1.0,"","",Transmitter,1.0,"","",Origin,1.0,"","","","",Three,1.0,"","",Asymmetric,1.0,"","","","","","",Symmetric,1.0,Monetary,1.0,component,1.0,"","",edges,1.0,Degree centrality,1.0,Closeness centrality,1.0,"","","","",Betweenness centrality,1.0,star,1.0,"","","","","","",affiliation,1.0,the transpose,1.0,"","","","","","","","",Asymmetric,1.0,"","","","","","",path,1.0,Closeness centrality,1.0,"","","","",two sets of vertices and one set of edges,1.0,"","","","",weak tie principle,1.0,"","",Social,1.0,Intersection,1.0,"","","","",Role Relation,1.0,Sympathy group,0.0,connected,1.0,All of these are properties of strong ties,1.0,"","",Being somebody’s boss,1.0,"","","","","","","","",weak,1.0,"","","","","","","","",Symmetric,1.0,"","","","",120-150 people,0.0,70,5,70.0
"BARBOSA, LUIS",203276,005996899,25S-SOCIOL-111-LAB-1F,212585,25S-SOCIOL-0111-001F,2025-05-01 21:56:39 UTC,1,"","","","","","",diagonal,1.0,affiliation,1.0,Scientists and the papers they write,1.0,"","","","",adjacency,1.0,"","","","","","","","","","","","",Communication,1.0,"","","","",The brain,1.0,Actors,1.0,Indegree,1.0,"","","","",Subset,1.0,The empty set,1.0,"","","","","","",Union,1.0,empty,1.0,Nonadjacent,1.0,"","","","",Receiver,1.0,Adjacent,1.0,"","","","",weakly,1.0,"","",cycles,1.0,Destination,1.0,"","",strongly,1.0,Cycle,1.0,weakly,1.0,Similarity,1.0,"","","","","","","","","","",Symmetric,1.0,"","","","",Asymmetric,0.0,Sympathy group,1.0,neocortex; group,0.0,"","","","",120-150 people,1.0,at least two components,1.0,"","","","","","","","","","","","","","",the rows not the columns,1.0,"","","","","","",All of the other answers are correct,1.0,Outdegree,1.0,"","",group overlap,1.0,m x p,1.0,column,1.0,"","","","","","","","","","","","","","",strongly,1.0,"","","","","","",Neighborhood,1.0,"","","","","","","","",Empirical,1.0,Isolate,1.0,Length,1.0,"","","","",Being somebody’s boss,0.0,"","","","","","",Reciprocal,0.0,Antisymmetric tie,0.0,"","",Support clique,1.0,"","",disconnected,1.0,"","","","","","",Betweenness,1.0,"","","","","","",Degree centrality,1.0,"","","","","","","","","","","","","","",Theory,1.0,"","","","",Schools,1.0,Carrier,1.0,An Edge,1.0,"","","","","","",Transmitter,1.0,"","","","","","","","",Three,1.0,Asymmetric,1.0,"","","","",Symmetric,1.0,"","","","","","","","",subgraph,1.0,"","","","",Closeness centrality,1.0,Closeness centrality,1.0,edges,0.0,"","",star,1.0,row,1.0,"","",affiliation,1.0,"","",the transpose,1.0,"","","","","","","","","","",Role Relation,1.0,12-15 people,1.0,giant component,1.0,"","","","","","","","","","","","",Frequency of activation,1.0,theory of structural holes,0.0,"","","","",Intersection,1.0,weakly,0.0,diameter,1.0,Role Relation,1.0,"","",connected,1.0,"","","","","","","","",Weakly Connected,1.0,"","","","",weak,1.0,"","","","","","","","","","",bridges,1.0,"","","","",67,8,67.0
"MARTINEZ, ANGEL",29216,505694601,25S-SOCIOL-111-LAB-1F,212585,25S-SOCIOL-0111-001F,2025-05-01 21:41:32 UTC,1,"","","","","","","","",affiliation,1.0,"","","","","","",adjacency,1.0,People and the friends they have,1.0,"","",Density,1.0,"","","","","","","","","","",Physics,1.0,The brain,1.0,Actors,1.0,Indegree,1.0,Asymmetric,1.0,"","","","","","",Edges,1.0,Degree,1.0,"","",Union,1.0,"","",Nonadjacent,1.0,Incident,1.0,Adjacent,1.0,Receiver,1.0,"","",maximum,1.0,eccentricity,1.0,"","","","",cycles,1.0,Destination,1.0,Geodesic Distance,1.0,"","",Cycle,1.0,"","","","","","","","",Symmetric,1.0,"","","","",Symmetric,1.0,"","",Antisymmetric,1.0,Asymmetric,0.0,Sympathy group,1.0,neocortex; group,0.0,"","",Active network,1.0,120-150 people,1.0,at least two components,1.0,connected,1.0,path,1.0,vertices,1.0,"","","","",row or column sums,1.0,"","",the rows not the columns,1.0,the columns not the rows,1.0,"","",either rows or columns,1.0,"","","","","","","","","","","","","","",m x m,1.0,groups,1.0,Duration,1.0,"","","","",weak,1.0,"","",Geology,1.0,People,1.0,"source, destination",1.0,"","",adjacent,1.0,"edges, edge-deleted",0.0,"","","","",Empirical,1.0,"","","","",Inner,1.0,"","","","",Interaction,1.0,"","","","",Reciprocal,0.0,"","",Similarity,1.0,"","","","","","","","","","",Indegree centrality,1.0,"","",Indegree,1.0,"","","","","","",n x n,1.0,people,1.0,"","",off-diagonal,1.0,"","",strong,1.0,"","","","","","","","","","","","","","","","","","",Isolates,1.0,Transmitter,1.0,path,0.0,"","","","","","",Three,1.0,"","",Asymmetric,1.0,"","","","",Similarity,1.0,"","","","","","","","",edges,1.0,Degree centrality,1.0,Closeness centrality,1.0,"","","","","","","","","","","","","","","","",the transpose,1.0,"","","","","","","","","","",Role Relation,1.0,"","","","",path,1.0,"","","","","","",two sets of vertices and one set of edges,1.0,"","","","","","","","","","","","","","",diameter,1.0,"","",Affinity group,1.0,"","","","","","","","","","",Weakly Connected,1.0,"","","","","","","","",strength,1.0,"","","","","","","","","","","","",70,5,70.0
"CAJERO, JASMINE",56136,305778890,25S-SOCIOL-111-LAB-1D,212558,25S-SOCIOL-0111-001D,2025-05-01 21:41:12 UTC,1,"","","","","","",diagonal,1.0,"","","","","","",group overlap,1.0,"","",People and the friends they have,1.0,"","","","","","","","",more,1.0,"","",Astrological,1.0,Physics,1.0,The brain,1.0,"","","","","","",Mutual,1.0,Subset,1.0,The empty set,1.0,"","","","",outdegree,1.0,Union,1.0,"","",Nonadjacent,1.0,"","",Adjacent,1.0,"","","","",maximum,1.0,"","",strongly,0.0,path,0.0,cycles,1.0,Destination,1.0,"","",strongly,1.0,"","","","",Role Relation,0.0,"","",Asymmetric,1.0,"","","","",Interaction,1.0,"","","","","","","","","","",neocortex; group,0.0,"","","","",120-150 people,1.0,"","","","","","","","",connected,1.0,"","","","",N-1,0.0,the rows not the columns,1.0,"","","","",either rows or columns,1.0,All of the other answers are correct,1.0,"","","","","","","","",column,1.0,"","","","","","","","",weak,1.0,"","","","",strongly,1.0,"","","","","","","","",adjacent,1.0,"","","","",Vertex,1.0,"","",Isolate,1.0,"","",Inner,1.0,"","","","",Interaction,1.0,"","",Asymmetric,1.0,"","",Antisymmetric tie,0.0,Asymmetric Tie,0.0,Support clique,1.0,4-5 people,1.0,disconnected,1.0,Geodesic Distance,1.0,N - 1,1.0,"","","","","","",all the other answers are correct,1.0,"","","","",n x n,1.0,people,1.0,"","","","",Intimacy,1.0,"","","","","","",Tik Tok,1.0,"","","","",Carrier,1.0,An Edge,1.0,Null,1.0,"","","","",Transmitter,1.0,"","","","","","",mutually,1.0,"","",Asymmetric,1.0,"","",symmetric,1.0,"","","","","","","","","","",subgraph,1.0,"","","","","","",Closeness centrality,1.0,nodes,1.0,"","",star,1.0,"","","","",affiliation,1.0,"","","","","","","","","","","","","","",Role Relation,1.0,12-15 people,1.0,"","",path,1.0,"","","","",the number of edges,1.0,two sets of vertices and one set of edges,1.0,"","","","","","","","","","",Intersection,1.0,weakly,0.0,diameter,1.0,"","","","",complete,0.0,"","","","","","","","","","","","",off-diagonal,0.0,"","","","","","",Tie,1.0,"","","","",bridges,1.0,"","","","",65,10,65.0
"BRACAMONTES, ASHANTI",201607,006509228,25S-SOCIOL-111-LAB-1B,212554,25S-SOCIOL-0111-001B,2025-05-01 21:39:43 UTC,1,"","","","","","","","",affiliation,1.0,Scientists and the papers they write,1.0,adjacency,0.0,"","",co-membership,0.0,"","",strong,1.0,"","","","","","",more,1.0,Communication,1.0,"","","","",The brain,1.0,"","","","",Asymmetric,1.0,"","",Subset,1.0,The empty set,1.0,Edges,1.0,Degree,1.0,"","",Union,1.0,"","",Nonadjacent,1.0,Incident,1.0,"","",Receiver,1.0,"","",average,0.0,"","",strongly,0.0,"","","","",Destination,1.0,"","","","","","",weakly,1.0,"","","","","","","","","Antisymmetric, symmetric, asymmetric",1.0,"","","","","","",Antisymmetric,1.0,Antisymmetric,1.0,Sympathy group,1.0,neocortex; group,0.0,"","",Active network,1.0,"","","","",connected,1.0,path,1.0,"","",hierarchical,0.0,"","",row or column sums,1.0,"","",the rows not the columns,1.0,"","",Betweenness centrality,0.0,rows not columns,0.0,"","","","",Harmonic centrality,0.0,co-membership,0.0,"","","","","","",m x m,1.0,"","","","","","","","","","","","",Geology,1.0,"","","source, destination",1.0,"","","","","edges, edge-deleted",0.0,Vertices,1.0,Vertex,1.0,"","","","","","",Inner,1.0,length,1.0,"","","","","","",Asymmetric,1.0,"","","","",Similarity,1.0,"","",4-5 people,1.0,"","","","","","","","","","",Indegree,1.0,"","","","",Harmonic centrality,0.0,"","","","","","",off-diagonal,1.0,"","","","","","","","","","","","",The world wide web,0.0,"","","","","","",Common neighbor,1.0,Isolates,1.0,"","",edge,0.0,Origin,1.0,"","","","",Two,0.0,Asymmetric,1.0,"","","","","","",Similarity,1.0,Asymmetric,0.0,"","","","","","",edges,1.0,"","","","","","","","","","",complete,0.0,"","","","",affiliation,1.0,"","","","","","",Granovetter-transitivity,1.0,"","","","",Asymmetric,1.0,Role Relation,1.0,"","","","",path,1.0,Closeness centrality,1.0,co-membership,1.0,"","",two sets of vertices and one set of edges,1.0,"","","","",weak tie principle,1.0,"","",Social,1.0,"","",strongly,0.0,"","","","",Affinity group,1.0,"","","","","","","","",disconnected,1.0,"","","","","","","","","","","","","","","","","","",bridges,1.0,"","","","",57,18,57.0
"MENDEZ AGUILAR, MYNOR",120495,006284610,25S-SOCIOL-111-LAB-1A,212578,25S-SOCIOL-0111-001A,2025-05-01 21:36:53 UTC,1,"","","","","","","","",affiliation,1.0,"","","","","","",adjacency,1.0,Scientists and papers they write,0.0,"","","","",Granovetter-transitivity,1.0,"","",more,1.0,"","","","","","","","","","",Indegree,1.0,Asymmetric,1.0,"","",Subset,1.0,The empty set,1.0,"","","","","","",Union,1.0,"","",Nonadjacent,1.0,"","","","","","",Adjacent,1.0,maximum,1.0,"","","","","","","","",Destination,1.0,Geodesic Distance,1.0,strongly,1.0,"","",weakly,1.0,"","",Being in the same class,1.0,"","","","","Symmetric, asymmetric, antisymmetric",0.0,"","",Symmetric,1.0,Symmetric,1.0,Antisymmetric,1.0,"","",Sympathy group,1.0,"","","","",Active network,1.0,120-150 people,1.0,"","","","","","",vertices,1.0,connected,1.0,Harmonic,1.0,"","",(N-1)(N-2),1.0,"","",the columns not the rows,1.0,"","","","",All of the other answers are correct,1.0,Outdegree,1.0,"","",group overlap,1.0,m x p,1.0,"","","","",m x m,1.0,groups,1.0,"","",weak,1.0,"","","","","","","","",People,1.0,"source, destination",1.0,Neighborhood,1.0,indirectly connected,0.0,"","","","","","","","",Isolate,1.0,"","",Inner,1.0,"","","","","","",Antisymmetric,1.0,"","","","","","","","",Support clique,1.0,"","",disconnected,1.0,"","",N - 1,1.0,Indegree centrality,1.0,"","",Indegree,1.0,"","","","","","",n x n,1.0,"","","","","","","","","","","","",Theory,1.0,"","","","",Schools,1.0,Carrier,1.0,"","","","","","",Isolates,1.0,Transmitter,1.0,path,0.0,"","","","",mutually,1.0,"","",Asymmetric,1.0,"","","","",Symmetric,1.0,"","","","","","","","","","",edges,1.0,"","","","","","",edges,0.0,"","","","",row,1.0,"","","","","","",the transpose,1.0,"","","","","","","","",Asymmetric,1.0,"","","","",giant component,1.0,"","","","","","","","","","","","","","","","","","",Social,1.0,Intersection,1.0,unilaterally,1.0,diameter,1.0,"","","","",connected,1.0,"","",Astrophysics,1.0,Being somebody’s boss,1.0,"","","","","","","","",weak,1.0,"","","","","","",many,1.0,"","","","","","",45-50 people,0.0,69,6,69.0
"CHHEAN, AMY",51904,605801158,25S-SOCIOL-111-LAB-1E,212566,25S-SOCIOL-0111-001E,2025-05-01 21:15:35 UTC,1,"","","","","","",diagonal,1.0,"","","","",co-membership,1.0,"","","","","","","","","","","","","","","","",Communication,1.0,Astrological,1.0,"","","","","","",Indegree,1.0,Asymmetric,1.0,"","",Subset,1.0,"","","","",Degree,1.0,outdegree,1.0,"","","","","","",Incident,1.0,Adjacent,1.0,"","",Adjacent,1.0,maximum,1.0,"","",weakly,1.0,semitpath,1.0,"","","","","","",strongly,1.0,"","",weakly,1.0,"","",Being in the same class,1.0,Asymmetric,1.0,"","","Antisymmetric, symmetric, asymmetric",1.0,"","","","",Symmetric,1.0,"","","","",Sympathy group,1.0,"","","","","","","","",at least two components,1.0,connected,1.0,"","",vertices,1.0,"","","","","","",(N-1)(N-2),1.0,"","","","","","",either rows or columns,1.0,"","",Outdegree,1.0,"","","","","","","","","","",m x m,1.0,groups,1.0,Duration,1.0,"","",simmelian,1.0,"","","","",Geology,1.0,"","","","",Neighborhood,1.0,adjacent,1.0,"edges, edge-deleted",0.0,Vertices,1.0,Vertex,1.0,"","","","","","","","","","",Giving advice,1.0,Interaction,1.0,"","",Asymmetric,1.0,"","",Antisymmetric tie,0.0,"","",Support clique,1.0,4-5 people,1.0,"","","","",N - 1,1.0,"","",Betweenness,1.0,Indegree,1.0,"","","","",Degree centrality,1.0,"","","","","","",off-diagonal,1.0,"","","","","","","","","","","","",Schools,1.0,Carrier,1.0,"","",Null,1.0,"","","","","","","","",Origin,1.0,"","",mutually,1.0,Three,1.0,"","","","","","","","","","","","","","","","",subgraph,1.0,"","","","","","",Closeness centrality,1.0,nodes,1.0,"","",star,1.0,"","",bipartite,1.0,"","",affiliation,1.0,"","","","","","","","",Measurement,1.0,Asymmetric,1.0,"","",12-15 people,1.0,"","",path,1.0,"","",co-membership,1.0,"","",two sets of vertices and one set of edges,1.0,"","","","",weak tie principle,1.0,"","","","","","",strongly,0.0,diameter,1.0,Role Relation,1.0,"","","","","","","","","","","","","","","","",diagonal,1.0,weak,1.0,"","","","","","","","","","","","",A and C only,1.0,45-50 people,0.0,71,4,71.0
"NAEMI, KAYLA",203694,906512330,25S-SOCIOL-111-LAB-1E,212566,25S-SOCIOL-0111-001E,2025-05-01 21:11:18 UTC,1,"","","","","","","","","","",Scientists and the papers they write,1.0,co-membership,1.0,"","",adjacency,1.0,"","",strong,1.0,"","","","","","","","",Communication,1.0,Astrological,1.0,"","","","","","","","",Asymmetric,1.0,"","",Subset,1.0,The empty set,1.0,Edges,1.0,Degree,1.0,"","","","",empty,1.0,"","","","",Adjacent,1.0,Receiver,1.0,Adjacent,1.0,maximum,1.0,"","","","","","",cycles,1.0,"","",Geodesic Distance,1.0,strongly,1.0,"","",weakly,1.0,"","","","","","",Asymmetric,0.0,"","","","","","","","",Antisymmetric,1.0,"","","","",neocortex; group,0.0,"","",Active network,1.0,120-150 people,1.0,"","","","",path,1.0,vertices,1.0,"","","","","","",(N-1)(N-2),1.0,"","",the columns not the rows,1.0,Outdegree centrality,1.0,"","",All of the other answers are correct,1.0,Outdegree,1.0,"","","","",m x p,1.0,column,1.0,"","","","","","","","","","","","","","","","",Geology,1.0,People,1.0,"","","","","","","","",Vertices,1.0,"","","","",Isolate,1.0,"","",Inner,1.0,length,1.0,"","",Interaction,1.0,"","",Asymmetric,1.0,Asymmetric,1.0,Antisymmetric tie,0.0,"","","","","","","","","","","","","","","","",Indegree,1.0,"","","","",Degree centrality,1.0,"","","","",group overlap,1.0,off-diagonal,1.0,Intimacy,1.0,strong,1.0,"","","","","","","","","","","","",An Edge,1.0,Null,1.0,"","",Isolates,1.0,"","","","","","","","",mutually,1.0,"","",Asymmetric,1.0,"","",symmetric,1.0,"","","","","","",Monetary,1.0,"","",path,0.0,"","",Degree centrality,1.0,"","",Closeness centrality,1.0,"","","","","","","","","","","","",affiliation,1.0,"","","","","","","","","","",Asymmetric,1.0,"","","","",giant component,1.0,path,1.0,"","","","",the number of edges,1.0,"","","","",Frequency of activation,1.0,"","","","","","",Intersection,1.0,unilaterally,1.0,diameter,1.0,"","","","","","","","","","",Being somebody’s boss,1.0,"","",Weakly Connected,1.0,"","","","","","",n = q,1.0,"","",Tie,1.0,many,1.0,"","","","","","",120-150 people,0.0,70,5,70.0
"MIR, LILY",197650,905987126,25S-SOCIOL-111-LAB-1E,212566,25S-SOCIOL-0111-001E,2025-05-01 21:11:13 UTC,1,it has two sum of degrees,1.0,"","","","",diagonal,1.0,affiliation,1.0,"","",co-membership,1.0,"","","","","","","","",Density,1.0,"","","","","","","","","","","","",The brain,1.0,"","","","",Asymmetric,1.0,"","","","","","","","",Degree,1.0,outdegree,1.0,"","",empty,1.0,Nonadjacent,1.0,"","",Adjacent,1.0,"","","","",maximum,1.0,eccentricity,1.0,"","",semitpath,1.0,cycles,1.0,"","",Geodesic Distance,1.0,strongly,1.0,Cycle,1.0,"","","","","","","","","","","Asymmetric, antisymmetric, symmetric",0.0,Interaction,1.0,Symmetric,1.0,Symmetric,1.0,"","","","",Sympathy group,1.0,"","","","","","","","","","","","",path,1.0,"","","","",Harmonic,1.0,row or column sums,1.0,"","","","",the columns not the rows,1.0,Outdegree centrality,1.0,"","",All of the other answers are correct,1.0,Outdegree,1.0,"","","","","","",column,1.0,"","",n x n,0.0,"","","","","","",reciprocal,0.0,"","",strongly,1.0,Geology,1.0,"","","","",Neighborhood,1.0,adjacent,1.0,"edges, edge-deleted",0.0,"","",Vertex,1.0,Empirical,1.0,Isolate,1.0,Length,1.0,"","",length,1.0,"","","","",Strong,0.0,Asymmetric,1.0,"","","","","","",Support clique,1.0,4-5 people,1.0,disconnected,1.0,"","","","","","","","","","",all the other answers are correct,1.0,"","",Degree centrality,1.0,m x m,0.0,people,1.0,"","","","","","","","","","","","","","","","","","",Carrier,1.0,"","",Asymmetric,0.0,Common neighbor,1.0,"","","","",semitpath,1.0,"","","","","","","","","","","","","","",Symmetric,1.0,Similarity,1.0,"","","","",component,1.0,subgraph,1.0,"","",Degree centrality,1.0,"","",Closeness centrality,1.0,"","","","","","","","","","","","","","","","","","","","",weak,1.0,Analysis,0.0,Asymmetric,1.0,"","",12-15 people,1.0,"","","","","","",co-membership,1.0,the number of edges,1.0,"","","","","","","","","","",Social,1.0,"","","","","","",Role Relation,1.0,"","","","","","",Astrophysics,1.0,"","",disconnected,1.0,"","","","","","","","","","",strength,1.0,"","","","","","","","","","",45-50 people,0.0,66,9,66.0
"VERDUGO, ALICIA",28121,405696506,25S-SOCIOL-111-LAB-1A,212578,25S-SOCIOL-0111-001A,2025-05-01 21:08:46 UTC,1,"","","","",bipartite,1.0,"","","","","","",co-membership,1.0,"","","","",People and the friends they have,1.0,strong,1.0,"","","","","","","","","","",Astrological,1.0,Physics,1.0,"","","","","","","","","","","","",The empty set,1.0,"","",Degree,1.0,outdegree,1.0,Union,1.0,"","",Nonadjacent,1.0,Incident,1.0,"","","","","","","","","","",weakly,1.0,"","",cycles,1.0,Endpoint,0.0,Geodesic Distance,1.0,strongly,1.0,"","",weakly,1.0,Similarity,1.0,"","",Asymmetric,1.0,"","","Antisymmetric, symmetric, asymmetric",1.0,"","","","","","","","",Antisymmetric,1.0,"","","","","","","","",120-150 people,1.0,"","",connected,1.0,"","",vertices,1.0,connected,1.0,"","",row or column sums,1.0,"","",the rows not the columns,1.0,"","",Outdegree centrality,1.0,either rows or columns,1.0,All of the other answers are correct,1.0,Outdegree,1.0,"","","","","","",column,1.0,"","","","","","","","","","","","","","","","","","","","","source, destination",1.0,Neighborhood,1.0,adjacent,1.0,"","",Vertices,1.0,Vertex,1.0,Empirical,1.0,"","","","",Inner,1.0,"","","","",Interaction,1.0,Antisymmetric,1.0,"","","","","","","","",Support clique,1.0,4-5 people,1.0,"","",Adjacency,0.0,"","","","","","",Indegree,1.0,all the other answers are correct,1.0,"","","","",m x m,0.0,"","",group overlap,1.0,"","","","","","",novel,1.0,"","",Tik Tok,1.0,People,1.0,"","",Carrier,1.0,"","","","","","",Isolates,1.0,Transmitter,1.0,"","",Origin,1.0,"","",mutually,1.0,"","",Asymmetric,1.0,Asymmetric,1.0,symmetric,1.0,"","","","","","",Monetary,1.0,"","",subgraph,1.0,"","",Degree centrality,1.0,"","","","","","","","","","","","","","","","","","","","","","","","","","",Analysis,0.0,"","",Role Relation,1.0,"","","","","","","","",adjacency,0.0,the number of edges,1.0,"","","","","","",weak tie principle,1.0,weak,1.0,"","","","",strongly,0.0,"","","","","","",connected,1.0,"","","","","","","","","","","","",off-diagonal,0.0,"","",n = q,1.0,"","","","",many,1.0,"","","","","","",45-50 people,0.0,67,8,67.0
"RODRIGUEZ, ANTHONY",44093,805721071,25S-SOCIOL-111-LAB-1A,212578,25S-SOCIOL-0111-001A,2025-05-01 20:45:44 UTC,1,"","","","","","","","","","","","","","","","","","","","",strong,1.0,"","","","","","","","",Communication,1.0,"","","","","","","","","","",Asymmetric,1.0,Mutual,1.0,"","","","","","","","",outdegree,1.0,Union,1.0,empty,1.0,"","","","",Adjacent,1.0,"","","","",maximum,1.0,"","","","","","",cycles,1.0,Endpoint,0.0,Geodesic Distance,1.0,"","","","",weakly,1.0,"","",Being in the same class,1.0,Asymmetric,1.0,Reciprocal,0.0,"","",Interaction,1.0,Symmetric,1.0,"","","","","","",Sympathy group,1.0,neocortex; group,0.0,"","","","","","",at least two components,1.0,"","","","","","","","","","",row or column sums,1.0,(N-1)(N-2),1.0,"","",the columns not the rows,1.0,"","","","","","",Outdegree,1.0,Betweenness centrality,1.0,group overlap,1.0,m x p,1.0,column,1.0,"","","","","","","","","","","","","","","","","","","","","source, destination",1.0,Neighborhood,1.0,"","","edges, edge-deleted",0.0,"","","","","","","","",Length,1.0,"","",length,1.0,"","",Interaction,1.0,Antisymmetric,1.0,"","","","","","","","","","",4-5 people,1.0,disconnected,1.0,"","",N - 1,1.0,Indegree centrality,1.0,"","","","",all the other answers are correct,1.0,"","","","",n x n,1.0,"","",group overlap,1.0,off-diagonal,1.0,"","","","",novel,1.0,Theory,1.0,Tik Tok,1.0,"","","","",Carrier,1.0,An Edge,1.0,"","",Common neighbor,1.0,Isolates,1.0,Transmitter,1.0,"","","","",semicycle,1.0,"","",Three,1.0,"","",Asymmetric,1.0,symmetric,1.0,"","","","","","","","","","","","","","","","",Closeness centrality,1.0,"","",nodes,1.0,"","","","","","","","","","","","",the transpose,1.0,"","","","","","",Measurement,1.0,Asymmetric,1.0,"","","","",giant component,1.0,path,1.0,"","","","","","","","","","",Frequency of activation,1.0,"","","","","","",Intersection,1.0,strongly,0.0,"","","","",Affinity group,1.0,"","","","",Astrophysics,1.0,"","",disconnected,1.0,"","",bipartite,1.0,diagonal,1.0,weak,1.0,n = q,1.0,strength,1.0,"","","","","","","","","","",45-50 people,0.0,69,6,69.0
"BATES, DI'NIKO",212815,506564175,25S-SOCIOL-111-LAB-1F,212585,25S-SOCIOL-0111-001F,2025-05-01 20:37:45 UTC,1,it has two sum of degrees,1.0,"","",bipartite,1.0,"","","","",Scientists and the papers they write,1.0,"","","","",adjacency,1.0,"","","","","","","","","","","","","","","","",Physics,1.0,"","","","","","",Asymmetric,1.0,"","","","",The empty set,1.0,Edges,1.0,Degree,1.0,"","","","","","",Nonadjacent,1.0,"","",Adjacent,1.0,Receiver,1.0,Adjacent,1.0,maximum,1.0,eccentricity,1.0,"","",path,0.0,"","",Destination,1.0,"","","","",Cycle,1.0,weakly,1.0,Similarity,1.0,"","","","",Symmetric,1.0,"Symmetric, asymmetric, antisymmetric",0.0,Interaction,1.0,"","","","","","",Asymmetric,0.0,"","","","","","",Active network,1.0,"","","","","","","","",vertices,1.0,connected,1.0,"","",row or column sums,1.0,(N-1)(N-2),1.0,the rows not the columns,1.0,the columns not the rows,1.0,"","","","","","","","",Betweenness centrality,1.0,"","","","","","","","",m x m,1.0,"","","","",weak,1.0,simmelian,1.0,"","","","","","","","","source, destination",1.0,"","",adjacent,1.0,"","","","","","","","","","",Length,1.0,Inner,1.0,"","",Being somebody’s boss,0.0,"","","","","","","","","","","","","","",4-5 people,1.0,disconnected,1.0,"","","","",Indegree centrality,1.0,"","","","","","",closeness,1.0,"","",n x n,1.0,people,1.0,"","",off-diagonal,1.0,"","","","",novel,1.0,"","",Tik Tok,1.0,"","","","",Carrier,1.0,An Edge,1.0,"","",Common neighbor,1.0,Isolates,1.0,Transmitter,1.0,path,0.0,"","","","","","","","","","","","",symmetric,1.0,"","",Similarity,1.0,Symmetric,1.0,Monetary,1.0,"","","","",edges,1.0,"","","","",Closeness centrality,1.0,nodes,1.0,"","","","","","","","","","","","","","","","","","","","",Analysis,0.0,"","",Role Relation,1.0,"","",giant component,1.0,path,1.0,"","","","",the number of edges,1.0,"","","","","","","","","","",Social,1.0,"","",unilaterally,1.0,"","","","",Sympathy group,0.0,"","",All of these are properties of strong ties,1.0,Astrophysics,1.0,"","","","","","","","","","","","",n = q,1.0,"","","","","","","","",bridges,1.0,"","",45-50 people,0.0,67,8,67.0
"NDJIP-NYEMECK, YANLA",93583,106107160,25S-SOCIOL-111-LAB-1A,212578,25S-SOCIOL-0111-001A,2025-05-01 20:37:08 UTC,1,it has two sum of degrees,1.0,"","",bipartite,1.0,off-diagonal,0.0,"","","","",co-membership,1.0,"","",adjacency,1.0,"","","","","","",Granovetter-transitivity,1.0,"","",more,1.0,"","","","","","","","","","",Indegree,1.0,"","","","",Subset,1.0,The empty set,1.0,"","","","",outdegree,1.0,"","","","",Nonadjacent,1.0,Incident,1.0,"","",Receiver,1.0,Adjacent,1.0,maximum,1.0,"","","","",semitpath,1.0,"","",Destination,1.0,Geodesic Distance,1.0,"","","","",weakly,1.0,Similarity,1.0,Being in the same class,1.0,"","",Symmetric,1.0,"Asymmetric, symmetric, antisymmetric",0.0,"","","","","","","","","","",Sympathy group,1.0,neocortex; group,0.0,"","","","","","","","","","",subgraph,0.0,"","","","","","","","","","","","","","",Outdegree centrality,1.0,either rows or columns,1.0,All of the other answers are correct,1.0,"","",Betweenness centrality,1.0,"","",m x p,1.0,"","","","","","","","",Duration,1.0,"","","","","","","","","","","","","","",Neighborhood,1.0,"","","edges, edge-deleted",0.0,"","","","",Empirical,1.0,"","",Length,1.0,"","",length,1.0,Being somebody’s boss,0.0,"","","","",Asymmetric,1.0,"","","","","","",Support clique,1.0,"","","","","","",N - 1,1.0,"","","","",Indegree,1.0,"","","","","","","","","","","","","","","","","","","","",Theory,1.0,"","",People,1.0,"","","","",An Edge,1.0,Null,1.0,Common neighbor,1.0,"","","","","","",Origin,1.0,semicycle,1.0,"","","","",Asymmetric,1.0,Asymmetric,1.0,symmetric,1.0,"","","","","","",Monetary,1.0,"","",subgraph,1.0,"","",Degree centrality,1.0,"","",Closeness centrality,1.0,"","","","",star,1.0,column,0.0,bipartite,1.0,"","","","","","","","",Granovetter-transitivity,1.0,"","","","","","","","","","","","",path,1.0,Closeness centrality,1.0,"","","","","","","","","","","","","","",Social,1.0,Intersection,1.0,unilaterally,1.0,"","",Role Relation,1.0,Affinity group,1.0,connected,1.0,"","",Astrophysics,1.0,"","",disconnected,1.0,"","",bipartite,1.0,diagonal,1.0,"","","","","","","",0.0,"","","","","","",A and C only,1.0,"","",67,8,67.0
"TADROS, MARK",136596,706033779,25S-SOCIOL-111-LAB-1B,212554,25S-SOCIOL-0111-001B,2025-05-01 20:34:41 UTC,1,"","","","","","",diagonal,1.0,"","","","","","",group overlap,1.0,"","",People and the friends they have,1.0,strong,1.0,"","","","",strong,1.0,"","","","","","",Physics,1.0,"","",Actors,1.0,Indegree,1.0,Asymmetric,1.0,"","","","",The empty set,1.0,"","",Degree,1.0,"","",Union,1.0,empty,1.0,"","",Incident,1.0,"","","","","","","","","","",weakly,1.0,"","","","",Destination,1.0,Geodesic Distance,1.0,"","","","",weakly,1.0,"","","","","","","","","","","","","","",Symmetric,1.0,Antisymmetric,1.0,Antisymmetric,1.0,"","","","","","",Active network,1.0,120-150 people,1.0,at least two components,1.0,"","","","",vertices,1.0,"","","","","","",(N-1)(N-2),1.0,the rows not the columns,1.0,the columns not the rows,1.0,"","",either rows or columns,1.0,"","","","","","","","",m x p,1.0,"","","","","","",groups,1.0,"","","","","","",weak,1.0,"","","","","","","source, destination",1.0,Neighborhood,1.0,"","","edges, edge-deleted",0.0,"","","","",Empirical,1.0,Isolate,1.0,Length,1.0,"","",length,1.0,Giving advice,1.0,"","","","","","","","","","",Similarity,1.0,Support clique,1.0,"","","","","","",N - 1,1.0,"","",Betweenness,1.0,"","","","","","","","","","","","","","","","","","",strong,1.0,"","","","","","","","",Schools,1.0,"","","","",Null,1.0,"","",Isolates,1.0,Transmitter,1.0,semitpath,1.0,"","","","",mutually,1.0,Three,1.0,Asymmetric,1.0,"","","","","","","","",Symmetric,1.0,Monetary,1.0,"","",subgraph,1.0,edges,1.0,Degree centrality,1.0,"","","","","","",Betweenness centrality,1.0,star,1.0,"","",bipartite,1.0,affiliation,1.0,"","","","","","","","","","",Measurement,1.0,"","","","","","",giant component,1.0,path,1.0,"","",co-membership,1.0,"","","","","","","","","","",weak,1.0,Social,1.0,"","",unilaterally,1.0,"","",Role Relation,1.0,Affinity group,1.0,"","","","","","",Being somebody’s boss,1.0,"","","","",bipartite,1.0,diagonal,1.0,"","","","","","","","","","",Symmetric,1.0,"","","","","","",74,1,74.0
"HURTADO, AUTUMN",130531,506283302,25S-SOCIOL-111-LAB-1D,212558,25S-SOCIOL-0111-001D,2025-05-01 20:27:53 UTC,1,it has two sum of degrees,1.0,"","","","","","",affiliation,1.0,"","",co-membership,1.0,group overlap,1.0,adjacency,1.0,"","","","","","","","","","","","","","",Astrological,1.0,Physics,1.0,The brain,1.0,"","",Indegree,1.0,Asymmetric,1.0,"","","","",The empty set,1.0,Edges,1.0,Degree,1.0,outdegree,1.0,"","",empty,1.0,Nonadjacent,1.0,"","","","",Receiver,1.0,Adjacent,1.0,maximum,1.0,"","",weakly,1.0,semitpath,1.0,cycles,1.0,Destination,1.0,Geodesic Distance,1.0,"","","","","","",Similarity,1.0,Being in the same class,1.0,Asymmetric,1.0,Symmetric,1.0,"Symmetric, asymmetric, antisymmetric",0.0,"","","","","","","","","","","","",neocortex; group,0.0,"","","","",120-150 people,1.0,"","","","",path,1.0,vertices,1.0,connected,1.0,"","",row or column sums,1.0,"","","","","","","","",either rows or columns,1.0,"","","","",Betweenness centrality,1.0,"","","","","","","","","","","","","","",weak,1.0,directed,0.0,"","",strongly,1.0,Geology,1.0,"","","","","","",adjacent,1.0,"","",Vertices,1.0,"","","","","","","","",Inner,1.0,length,1.0,"","","","","","","","","","","","",Similarity,1.0,Support clique,1.0,4-5 people,1.0,disconnected,1.0,"","","","",Indegree centrality,1.0,Betweenness,1.0,Indegree,1.0,"","","","",Degree centrality,1.0,m x m,0.0,"","","","","","","","","","",novel,1.0,"","",Tik Tok,1.0,"","","","",Carrier,1.0,An Edge,1.0,"","","","","","",Transmitter,1.0,"","","","","","",mutually,1.0,"","",Asymmetric,1.0,Asymmetric,1.0,"","","","","","",Symmetric,1.0,Monetary,1.0,component,1.0,"","",edges,1.0,Degree centrality,1.0,"","",Closeness centrality,1.0,"","","","","","","","","","",affiliation,1.0,"","",the transpose,1.0,"","","","","","","","",Asymmetric,1.0,"","","","","","","","","","","","","","","","","","","","","","","","","","","","","","",diameter,1.0,"","","","","","","","","","","","","","","","",bipartite,1.0,"","","","",n = q,1.0,strength,1.0,"","","","","","","","","","","","",71,4,71.0
"GAD, NADA",121993,206290436,25S-SOCIOL-111-LAB-1F,212585,25S-SOCIOL-0111-001F,2025-05-01 20:22:33 UTC,1,"","","","","","","","","","","","",co-membership,1.0,"","","","","","","","","","","","","","","","","","","","",Physics,1.0,"","","","",Indegree,1.0,Asymmetric,1.0,Mutual,1.0,Subset,1.0,"","","","","","","","","","","","",Nonadjacent,1.0,"","",Adjacent,1.0,"","","","",maximum,1.0,"","","","",semitpath,1.0,cycles,1.0,"","","","",strongly,1.0,"","","","",Similarity,1.0,"","","","","","","Symmetric, asymmetric, antisymmetric",0.0,Interaction,1.0,"","",Symmetric,1.0,"","","","","","",neocortex; group,0.0,"","",Active network,1.0,"","",at least two components,1.0,"","",path,1.0,vertices,1.0,"","","","","","",(N-1)(N-2),1.0,the rows not the columns,1.0,"","","","","","","","","","",Betweenness centrality,1.0,"","",m x p,1.0,"","",off-diagonal,1.0,"","","","","","","","","","","","","","","","",People,1.0,"source, destination",1.0,Neighborhood,1.0,adjacent,1.0,"","",Vertices,1.0,"","","","",Isolate,1.0,Length,1.0,Inner,1.0,length,1.0,"","",Interaction,1.0,"","","","","","","","",Similarity,1.0,Support clique,1.0,"","","","",Geodesic Distance,1.0,"","",Indegree centrality,1.0,"","",Indegree,1.0,"","",closeness,1.0,"","","","","","","","","","","","",strong,1.0,"","","","",Tik Tok,1.0,"","","","","","","","","","",Common neighbor,1.0,Isolates,1.0,Transmitter,1.0,semitpath,1.0,"","",semicycle,1.0,"","","","","","","","","","","","","","",Symmetric,1.0,Monetary,1.0,"","",subgraph,1.0,"","","","","","","","","","",Betweenness centrality,1.0,star,1.0,"","",bipartite,1.0,affiliation,1.0,"","",the transpose,1.0,"","","","","","","","","","",Role Relation,1.0,"","","","",path,1.0,"","",co-membership,1.0,the number of edges,1.0,two sets of vertices and one set of edges,1.0,"","",Frequency of activation,1.0,weak tie principle,1.0,weak,1.0,Social,1.0,Intersection,1.0,weakly,0.0,"","",Role Relation,1.0,"","","","","","",Astrophysics,1.0,Being somebody’s boss,1.0,"","",Weakly Connected,1.0,"","","","","","",n = q,1.0,strength,1.0,"","","","","","","","","","",45-50 people,0.0,71,4,71.0
"ROSEN, EDEN",197261,606376386,25S-SOCIOL-111-LAB-1B,212554,25S-SOCIOL-0111-001B,2025-05-01 20:18:00 UTC,1,it has two sum of degrees,1.0,"","","","","","","","","","",co-membership,1.0,"","","","","","","","","","","","","","","","","","","","","","","","","","","","",Asymmetric,1.0,"","","","","","","","",Degree,1.0,outdegree,1.0,Union,1.0,"","",Nonadjacent,1.0,"","",Adjacent,1.0,Receiver,1.0,"","",maximum,1.0,"","",weakly,1.0,semitpath,1.0,cycles,1.0,"","","","",strongly,1.0,"","","","","","","","","","","","","","","","","","","","",Antisymmetric,1.0,"","","","","","","","",Active network,1.0,"","","","","","",path,1.0,"","","","","","","","",(N-1)(N-2),1.0,"","","","",Outdegree centrality,1.0,"","","","","","","","",group overlap,1.0,m x p,1.0,"","",off-diagonal,1.0,m x m,1.0,"","","","","","",simmelian,1.0,"","","","",Geology,1.0,"","","source, destination",1.0,Neighborhood,1.0,"","","","","","",Vertex,1.0,"","","","","","",Inner,1.0,"","","","",Interaction,1.0,"","",Asymmetric,1.0,Asymmetric,1.0,"","",Similarity,1.0,Support clique,1.0,4-5 people,1.0,disconnected,1.0,"","","","","","","","",Indegree,1.0,"","","","",Betweenness centrality,0.0,"","","","","","","","","","","","","","",Theory,1.0,Schools,0.0,"","",Schools,1.0,"","",An Edge,1.0,Null,1.0,"","",Isolates,1.0,Transmitter,1.0,semitpath,1.0,"","",semicycle,1.0,"","",Three,1.0,Asymmetric,1.0,"","",symmetric,1.0,"","",Similarity,1.0,Symmetric,1.0,Monetary,1.0,component,1.0,"","","","",Degree centrality,1.0,"","",Closeness centrality,1.0,nodes,1.0,Betweenness centrality,1.0,star,1.0,row,1.0,bipartite,1.0,affiliation,1.0,"","","","","","",Granovetter-transitivity,1.0,"","","","","","","","",12-15 people,1.0,giant component,1.0,"","",Closeness centrality,1.0,"","","","","","","","",Frequency of activation,1.0,"","","","","","",Intersection,1.0,"","",diameter,1.0,Role Relation,1.0,"","",connected,1.0,"","","","","","","","","","","","",diagonal,1.0,weak,1.0,"","","","",Tie,1.0,"","","","",bridges,1.0,"","","","",73,2,73.0
"DIAZ, EVE",42093,905515928,25S-SOCIOL-111-LAB-1D,212558,25S-SOCIOL-0111-001D,2025-05-01 19:47:18 UTC,1,"","","","",bipartite,1.0,"","","","","","",co-membership,1.0,"","","","",People and the friends they have,1.0,"","","","","","","","","","",Communication,1.0,"","","","","","","","","","","","",Connected,0.0,Subset,1.0,The empty set,1.0,"","","","","","","","",empty,1.0,"","","","",Adjacent,1.0,Receiver,1.0,Adjacent,1.0,"","","","",unilaterally,0.0,"","","","","","",Geodesic Distance,1.0,"","","","",weakly,1.0,"","","","",Asymmetric,1.0,"","","Antisymmetric, symmetric, asymmetric",1.0,"","","","",Symmetric,1.0,Antisymmetric,1.0,Antisymmetric,1.0,Sympathy group,1.0,neocortex; group,0.0,"","","","","","","","",connected,1.0,"","",vertices,1.0,"","","","",row sums not column sums,0.0,"","",the rows not the columns,1.0,"","","","","","","","","","",Betweenness centrality,1.0,"","","","",column,1.0,"","","","",both people and groups,0.0,"","","","","","",strong,0.0,strongly,1.0,"","","","","source, destination",1.0,Neighborhood,1.0,"","","","",Vertices,1.0,"","","","",Isolate,1.0,Length,1.0,Inner,1.0,"","","","",Role Relation,0.0,"","","","","","",Interaction,1.0,"","",Support clique,1.0,"","","","","","",N - 1,1.0,"","",Betweenness,1.0,"","","","","","",Degree centrality,1.0,n x n,1.0,"","","","","","","","","","","","",Theory,1.0,Tik Tok,1.0,"","","","",Carrier,1.0,"","","","","","",Isolates,1.0,Transmitter,1.0,semitpath,1.0,"","",semicycle,1.0,unilaterally,0.0,Three,1.0,"","","","","","",Symmetric,1.0,Similarity,1.0,"","",Monetary,1.0,component,1.0,"","",edges,1.0,"","",Closeness centrality,1.0,"","",edges,0.0,Betweenness centrality,1.0,"","",row,1.0,"","","","","","",the transpose,1.0,active network,1.0,"","","","",Measurement,1.0,"","","","","","","","","","","","","","",the number of edges,1.0,two sets of vertices and one set of edges,1.0,"","","","","","","","","","",Intersection,1.0,"","",diameter,1.0,Role Relation,1.0,Affinity group,1.0,connected,1.0,"","","","","","",disconnected,1.0,"","","","","","","","","","",strength,1.0,Tie,1.0,"","","","","","",A and C only,1.0,"","",66,9,66.0
"ROSENFELD, NATALIA",126974,806130100,25S-SOCIOL-111-LAB-1C,212555,25S-SOCIOL-0111-001C,2025-05-01 19:45:58 UTC,1,"","","","","","","","",affiliation,1.0,Scientists and the papers they write,1.0,co-membership,1.0,"","","","","","","","","","",Granovetter-transitivity,1.0,"","","","","","","","","","","","",Actors,1.0,Indegree,1.0,"","","","","","",The empty set,1.0,Edges,1.0,"","","","","","",empty,1.0,"","","","",Adjacent,1.0,Receiver,1.0,Adjacent,1.0,"","","","",weakly,1.0,"","",cycles,1.0,Destination,1.0,Geodesic Distance,1.0,strongly,1.0,Cycle,1.0,"","",Similarity,1.0,Being in the same class,1.0,"","","","","Antisymmetric, symmetric, asymmetric",1.0,Interaction,1.0,Symmetric,1.0,"","","","","","","","","","","","","","",120-150 people,1.0,at least two components,1.0,connected,1.0,"","","","","","",Harmonic,1.0,row or column sums,1.0,"","",the rows not the columns,1.0,"","",Outdegree centrality,1.0,either rows or columns,1.0,All of the other answers are correct,1.0,"","","","",co-membership,0.0,"","","","","","","","","","","","","","","","","","","","","","","","","source, destination",1.0,"","",adjacent,1.0,"","",Vertices,1.0,"","",Empirical,1.0,"","",Length,1.0,Inner,1.0,"","",Being somebody’s boss,0.0,Role Relation,0.0,"","","","","","","","",Similarity,1.0,Support clique,1.0,4-5 people,1.0,disconnected,1.0,"","","","",Indegree centrality,1.0,"","","","","","",closeness,1.0,"","","","","","","","","","","","","","","","","","",Tik Tok,1.0,"","",Schools,1.0,"","","","","","",Common neighbor,1.0,Isolates,1.0,Transmitter,1.0,semitpath,1.0,"","","","",mutually,1.0,"","",Asymmetric,1.0,"","","","","","","","","","",Monetary,1.0,"","","","","","","","","","","","","","","","",star,1.0,row,1.0,bipartite,1.0,"","","","",the transpose,1.0,"","",Granovetter-transitivity,1.0,weak,1.0,"","",Asymmetric,1.0,"","","","","","",path,1.0,Closeness centrality,1.0,co-membership,1.0,"","",two sets of vertices and one set of edges,1.0,"","","","","","",weak,1.0,Social,1.0,Intersection,1.0,"","","","","","","","","","","","",Astrophysics,1.0,"","",disconnected,1.0,"","","","","","",weak,1.0,n = q,1.0,"","","","","","","","","","","","",45-50 people,0.0,71,4,71.0
"GOLSHAN, JASMINE",203038,305468576,25S-SOCIOL-111-LAB-1B,212554,25S-SOCIOL-0111-001B,2025-05-01 19:37:36 UTC,1,it has two sum of degrees,1.0,"","","","","","","","",Scientists and the papers they write,1.0,"","","","",adjacency,1.0,CEOs and the board of directors they serve in,0.0,"","",Density,1.0,"","","","","","",Communication,1.0,"","","","","","","","",Indegree,1.0,"","",Mutual,1.0,"","",The empty set,1.0,Edges,1.0,Degree,1.0,"","","","",empty,1.0,"","",Incident,1.0,"","",Receiver,1.0,Adjacent,1.0,"","","","",weakly,1.0,semitpath,1.0,cycles,1.0,Destination,1.0,Geodesic Distance,1.0,"","","","",weakly,1.0,"","","","","","","","","Antisymmetric, symmetric, asymmetric",1.0,"","","","",Symmetric,1.0,"","","","",Sympathy group,1.0,"","","","","","","","","","","","",path,1.0,"","","","","","","","",(N-1)(N-2),1.0,"","","","","","",either rows or columns,1.0,All of the other answers are correct,1.0,Indegree,0.0,"","","","","","","","","","","","",people,0.0,"","","","",simmelian,1.0,"","","","",Geology,1.0,"","","source, destination",1.0,Neighborhood,1.0,"","","","","","",Vertex,1.0,"","","","",Length,1.0,"","",length,1.0,"","","","","","","","","","",Interaction,1.0,"","",Support clique,1.0,4-5 people,1.0,disconnected,1.0,"","","","",Indegree centrality,1.0,Betweenness,1.0,Indegree,1.0,all the other answers are correct,1.0,"","","","",m x n,0.0,"","","","",off-diagonal,1.0,"","","","",novel,1.0,"","","","","","","","",Carrier,1.0,"","",Null,1.0,"","","","",Transmitter,1.0,"","","","","","","","",Three,1.0,Asymmetric,1.0,Asymmetric,1.0,symmetric,1.0,Symmetric,1.0,"","","","",Monetary,1.0,component,1.0,"","","","","","","","","","",edges,0.0,"","",star,1.0,"","","","","","",affiliation,1.0,the transpose,1.0,"","","","","","",Measurement,1.0,"","",Role Relation,1.0,12-15 people,1.0,"","",path,1.0,"","","","","","","","",disjoint,1.0,"","",weak tie principle,1.0,"","","","","","","","",diameter,1.0,Role Relation,1.0,"","","","","","",Astrophysics,1.0,"","",disconnected,1.0,"","","","","","","","","","","","",Tie,1.0,"","",Symmetric,1.0,bridges,1.0,"","","","",70,5,70.0
"MONTILLANO, MIA GRACE",44833,005800374,25S-SOCIOL-111-LAB-1E,212566,25S-SOCIOL-0111-001E,2025-05-01 19:27:09 UTC,1,"","","","",bipartite,1.0,"","","","","","","","",group overlap,1.0,co-membership,0.0,"","","","","","","","","","","","","","","","","","","","","","","","",Asymmetric,1.0,"","","","","","",Edges,1.0,Degree,1.0,outdegree,1.0,"","","","","","","","",Adjacent,1.0,Receiver,1.0,"","",maximum,1.0,"","",weakly,1.0,"","","","",Destination,1.0,Geodesic Distance,1.0,"","","","",weakly,1.0,"","","","",Asymmetric,1.0,"","","","","","",Symmetric,1.0,"","",Antisymmetric,1.0,"","",Sympathy group,1.0,"","","","",Active network,1.0,120-150 people,1.0,"","",connected,1.0,"","","","",connected,1.0,"","",row or column sums,1.0,(N-1)(N-2),1.0,"","","","","","","","",All of the other answers are correct,1.0,"","","","",group overlap,1.0,"","",column,1.0,"","",m x m,1.0,"","","","",weak,1.0,simmelian,1.0,weak,1.0,"","","","",People,1.0,"","",Neighborhood,1.0,adjacent,1.0,"edges, edge-deleted",0.0,"","","","",Empirical,1.0,"","",Length,1.0,"","","","","","","","",Antisymmetric,1.0,Asymmetric,1.0,"","","","",Similarity,1.0,"","",4-5 people,1.0,disconnected,1.0,Geodesic Distance,1.0,"","","","","","",Indegree,1.0,"","",closeness,1.0,"","","","",people,1.0,"","","","","","","","","","","","","","",People,1.0,Schools,1.0,Carrier,1.0,"","",Null,1.0,Common neighbor,1.0,Isolates,1.0,"","",path,0.0,"","",semicycle,1.0,mutually,1.0,Three,1.0,"","",Asymmetric,1.0,"","","","","","",Symmetric,1.0,"","","","",subgraph,1.0,"","","","",Closeness centrality,1.0,"","",edges,0.0,Betweenness centrality,1.0,complete,0.0,"","",bipartite,1.0,"","","","","","","","","","","","",Measurement,1.0,Asymmetric,1.0,"","",12-15 people,1.0,"","",path,1.0,"","","","",the number of edges,1.0,"","","","","","","","","","",Social,1.0,Intersection,1.0,"","","","",Role Relation,1.0,"","","","","","","","","","","","","","","","",diagonal,1.0,"","","","",strength,1.0,"","","","","","",bridges,1.0,"","","","",70,5,70.0
"HARAMATI, AMIT",141578,106138289,25S-SOCIOL-111-LAB-1E,212566,25S-SOCIOL-0111-001E,2025-05-01 19:24:33 UTC,1,it has two sum of degrees,1.0,"","","","",diagonal,1.0,affiliation,1.0,"","","","",co-membership,0.0,"","",People and the friends they have,1.0,"","","","","","","","",more,1.0,"","","","","","",The brain,1.0,"","",Indegree,1.0,Asymmetric,1.0,"","",Subset,1.0,"","",Edges,1.0,Degree,1.0,"","","","","","","","","","","","",Receiver,1.0,"","","","",eccentricity,1.0,"","",semitpath,1.0,"","","","",Geodesic Distance,1.0,strongly,1.0,Cycle,1.0,weakly,1.0,Similarity,1.0,Being in the same class,1.0,"","","","","","",Interaction,1.0,"","","","","","",Asymmetric,0.0,Sympathy group,1.0,neocortex; group,0.0,"","","","","","",at least two components,1.0,"","","","",vertices,1.0,connected,1.0,"","",row or column sums,1.0,(N-1)(N-2),1.0,"","","","","","","","","","",Outdegree,1.0,"","","","",m x p,1.0,"","",off-diagonal,1.0,"","","","","","","","",simmelian,1.0,"","",strongly,1.0,"","",People,1.0,"source, destination",1.0,Neighborhood,1.0,"","","edges, edge-deleted",0.0,Vertices,1.0,Vertex,1.0,Empirical,1.0,Isolate,1.0,"","","","","","",Giving advice,1.0,Role Relation,0.0,"","","","",Asymmetric,1.0,"","",Interaction,0.0,"","",4-5 people,1.0,"","",Geodesic Distance,1.0,"","","","",Betweenness,1.0,"","","","","","","","","","","","",group overlap,1.0,"","","","","","","","",Theory,1.0,Tik Tok,1.0,"","","","",Carrier,1.0,"","","","","","","","",Transmitter,1.0,semitpath,1.0,"","",semicycle,1.0,"","",Three,1.0,"","","","","","","","","","","","",Monetary,1.0,"","",subgraph,1.0,"","",Degree centrality,1.0,Closeness centrality,1.0,"","",edges,0.0,"","","","","","",bipartite,1.0,"","","","","","","","","","","","","","","","","","","","","","","","",Closeness centrality,1.0,"","","","","","","","",Frequency of activation,1.0,"","",weak,1.0,"","","","",unilaterally,1.0,"","",Role Relation,1.0,"","","","","","","","","","",disconnected,1.0,Weakly Connected,1.0,"","","","","","",n = q,1.0,"","",Tie,1.0,"","",Symmetric,1.0,"","","","",12-15 people,1.0,68,7,68.0
"ESPINOZA, KATELYNN",133870,806247280,25S-SOCIOL-111-LAB-1F,212585,25S-SOCIOL-0111-001F,2025-05-01 19:22:53 UTC,1,"","","","","","","","",affiliation,1.0,"","","","","","",adjacency,1.0,"","","","",Density,1.0,"","","","",more,1.0,Communication,1.0,"","","","","","",Actors,1.0,"","",Asymmetric,1.0,Mutual,1.0,"","",Non-existent,0.0,"","","","",outdegree,1.0,"","",empty,1.0,"","",Incident,1.0,"","","","","","","","","","",weakly,1.0,semitpath,1.0,"","",Destination,1.0,"","",strongly,1.0,"","","","","","",Being in the same class,1.0,Asymmetric,1.0,"","","","","","","","","","",Antisymmetric,1.0,"","","","",neocortex; group,0.0,"","","","",120-150 people,1.0,"","","","",path,1.0,vertices,1.0,connected,1.0,Harmonic,1.0,"","",(N-1)(N-2),1.0,the rows not the columns,1.0,"","",Outdegree centrality,1.0,either rows or columns,1.0,"","","","","","","","","","",column,1.0,"","","","","","","","","","",simmelian,1.0,"","","","",Geology,1.0,"","","","",Neighborhood,1.0,"","","edges, edge-deleted",0.0,Vertices,1.0,Vertex,1.0,"","","","",Length,1.0,Inner,1.0,length,1.0,Giving advice,1.0,"","","","","","","","","","",Similarity,1.0,Support clique,1.0,4-5 people,1.0,"","","","","","","","","","",Indegree,1.0,"","","","",Degree centrality,1.0,"","","","",co-membership,0.0,"","","","","","","","","","","","",People,1.0,Schools,1.0,Carrier,1.0,An Edge,1.0,Null,1.0,"","","","",Transmitter,1.0,semitpath,1.0,"","","","","","",Three,1.0,"","",Asymmetric,1.0,"","",Symmetric,1.0,"","",Symmetric,1.0,Monetary,1.0,"","",subgraph,1.0,"","",Closeness centrality,0.0,"","","","",nodes,1.0,"","","","","","",bipartite,1.0,affiliation,1.0,affiliation,1.0,"","","","","","","","","","","","",Role Relation,1.0,"","","","","","","","",co-membership,1.0,"","",two sets of vertices and one set of edges,1.0,"","","","",weak tie principle,1.0,"","","","",Intersection,1.0,"","",diameter,1.0,Role Relation,1.0,"","","","","","","","","","",disconnected,1.0,Weakly Connected,1.0,bipartite,1.0,"","","","","","","","","","",many,1.0,"","","","","","","","",70,5,70.0
"GONZALEZ, DIEGO",51481,105736599,25S-SOCIOL-111-LAB-1A,212578,25S-SOCIOL-0111-001A,2025-05-01 19:19:38 UTC,1,"","","","",bipartite,1.0,"","",affiliation,1.0,"","",co-membership,1.0,"","",adjacency,1.0,People and the friends they have,1.0,"","","","","","",strong,1.0,"","",Communication,1.0,Astrological,1.0,"","","","","","","","","","","","",Subset,1.0,"","",Edges,1.0,"","",outdegree,1.0,"","",empty,1.0,Nonadjacent,1.0,"","",Adjacent,1.0,Receiver,1.0,"","","","","","","","","","",cycles,1.0,Destination,1.0,Geodesic Distance,1.0,strongly,1.0,"","",weakly,1.0,Similarity,1.0,"","",Asymmetric,1.0,"","","Asymmetric, symmetric, antisymmetric",0.0,"","",Symmetric,1.0,"","","","","","","","",neocortex; group,0.0,"","","","",120-150 people,1.0,"","","","",path,1.0,vertices,1.0,connected,1.0,Harmonic,1.0,"","","","",the rows not the columns,1.0,"","",Outdegree centrality,1.0,either rows or columns,1.0,"","","","","","","","",m x p,1.0,"","",off-diagonal,1.0,m x m,1.0,"","","","",weak,1.0,"","","","","","","","",People,1.0,"source, destination",1.0,Neighborhood,1.0,"","","edges, edge-deleted",0.0,"","","","",Empirical,1.0,Isolate,1.0,"","","","","","","","","","",Antisymmetric,1.0,"","","","",Interaction,1.0,"","",Support clique,1.0,4-5 people,1.0,"","","","","","","","",Betweenness,1.0,"","",all the other answers are correct,1.0,"","",Degree centrality,1.0,"","","","","","","","",Intimacy,1.0,"","","","","","","","","","",Schools,1.0,"","",An Edge,1.0,Null,1.0,"","","","",Transmitter,1.0,"","",Origin,1.0,semicycle,1.0,mutually,1.0,Three,1.0,"","","","","","","","",Similarity,1.0,"","","","",component,1.0,"","","","","","",Closeness centrality,1.0,"","","","","","",star,1.0,"","","","","","","","","","","","","","","","","","",Asymmetric,1.0,"","","","","","","","",Closeness centrality,1.0,"","","","",two sets of vertices and one set of edges,1.0,disjoint,1.0,"","","","","","","","","","","","",diameter,1.0,Role Relation,1.0,"","","","","","",Astrophysics,1.0,Being somebody’s boss,1.0,disconnected,1.0,"","","","","","",weak,1.0,"","","","","","",many,1.0,"","","","","","",12-15 people,1.0,72,3,72.0
"ALVAREZ, SOILAMERICA",120166,006179100,25S-SOCIOL-111-LAB-1A,212578,25S-SOCIOL-0111-001A,2025-05-01 19:18:49 UTC,1,"","","","","","",diagonal,1.0,"","","","",co-membership,1.0,"","","","",People and the friends they have,1.0,"","",Density,1.0,"","","","",more,1.0,"","",Astrological,1.0,"","",The brain,1.0,"","","","",Asymmetric,1.0,Mutual,1.0,Subset,1.0,The empty set,1.0,"","",Degree,1.0,outdegree,1.0,Union,1.0,"","","","","","","","","","",Adjacent,1.0,"","","","",unilaterally,0.0,"","",cycles,1.0,"","",Geodesic Distance,1.0,strongly,1.0,"","",weakly,1.0,"","","","","","","","","Antisymmetric, symmetric, asymmetric",1.0,"","","","","","","","","","",Sympathy group,1.0,"","","","",Active network,1.0,120-150 people,1.0,"","","","","","","","","","",Harmonic,1.0,row or column sums,1.0,"","","","","","",Outdegree centrality,1.0,"","",All of the other answers are correct,1.0,"","","","","","",m x p,1.0,"","",off-diagonal,1.0,m x m,1.0,"","",Duration,1.0,"","","","","","","","",Geology,1.0,Advice,0.0,"source, destination",1.0,Neighborhood,1.0,adjacent,1.0,"","",Vertices,1.0,"","",Empirical,1.0,"","","","","","",length,1.0,"","","","","","","","",Anti-symmetric,0.0,"","","","",Support clique,1.0,"","",disconnected,1.0,"","","","",Indegree centrality,1.0,Betweenness,1.0,"","","","",closeness,1.0,Degree centrality,1.0,"","",people,1.0,"","","","","","","","","","","","","","","","","","",Carrier,1.0,An Edge,1.0,"","","","","","","","","","",Origin,1.0,cycle,0.0,mutually,1.0,"","",Asymmetric,1.0,Nonreciprocal,0.0,"","",Symmetric,1.0,"","",Symmetric,1.0,"","",component,1.0,"","","","","","","","","","",edges,0.0,Betweenness centrality,1.0,"","",row,1.0,bipartite,1.0,"","","","","","","","","","","","",Measurement,1.0,"","",Role Relation,1.0,"","",giant component,1.0,path,1.0,"","","","","","",one set of vertices and one set of edges,0.0,"","",Frequency of activation,1.0,"","",weak,1.0,"","","","",weakly,0.0,"","",Role Relation,1.0,"","",connected,1.0,"","","","",Being somebody’s boss,1.0,"","","","","","","","","","","","","","","","","","",Symmetric,1.0,"","","","",12-15 people,1.0,67,8,67.0
"CASTILLO, JEFFREY",133600,705520271,25S-SOCIOL-111-LAB-1D,212558,25S-SOCIOL-0111-001D,2025-05-01 18:59:24 UTC,1,"","",co-membership,1.0,"","",diagonal,1.0,"","","","",co-membership,1.0,"","","","","","","","","","",Granovetter-transitivity,1.0,"","",more,1.0,Communication,1.0,"","","","","","",Actors,1.0,"","","","","","",Subset,1.0,The empty set,1.0,Edges,1.0,"","",outdegree,1.0,"","","","","","",Incident,1.0,"","",Receiver,1.0,"","",maximum,1.0,eccentricity,1.0,"","","","",cycles,1.0,Destination,1.0,"","",strongly,1.0,Cycle,1.0,weakly,1.0,"","","","","","",Symmetric,1.0,"Asymmetric, symmetric, antisymmetric",0.0,"","","","",Symmetric,1.0,"","","","",Sympathy group,1.0,neocortex; group,0.0,"","","","","","","","","","",path,1.0,vertices,1.0,connected,1.0,"","","","",(N-1)(N-2),1.0,"","","","",Outdegree centrality,1.0,"","",All of the other answers are correct,1.0,Outdegree,1.0,Betweenness centrality,1.0,group overlap,1.0,"","","","","","","","",groups,1.0,Duration,1.0,"","","","",weak,1.0,"","","","","","","","","","","","","edges, edge-deleted",0.0,"","",Vertex,1.0,Empirical,1.0,Isolate,1.0,"","",Inner,1.0,"","","","","","",Antisymmetric,1.0,Asymmetric,1.0,"","","","","","","","",4-5 people,1.0,"","",Geodesic Distance,1.0,N - 1,1.0,Indegree centrality,1.0,"","",Indegree,1.0,"","","","","","",m x m,0.0,people,1.0,"","","","",Intimacy,1.0,"","","","","","",Tik Tok,1.0,"","",Schools,1.0,Carrier,1.0,An Edge,1.0,"","",Common neighbor,1.0,Isolates,1.0,Transmitter,1.0,"","","","",semicycle,1.0,"","","","","","","","","","",Symmetric,1.0,Similarity,1.0,Symmetric,1.0,"","","","",subgraph,1.0,"","","","","","","","",edges,0.0,"","","","","","","","",affiliation,1.0,"","","","","","","","","","","","","","","","","","","","",path,1.0,"","","","","","","","",disjoint,1.0,"","","","","","",Social,1.0,"","",weakly,0.0,"","","","",Affinity group,1.0,"","","","","","",Being somebody’s boss,1.0,"","","","",bipartite,1.0,"","","","","","","","","","","","",Symmetric,1.0,"","","","",45-50 people,0.0,68,7,68.0
"DIOP, AHMAD",127710,806284376,25S-SOCIOL-111-LAB-1B,212554,25S-SOCIOL-0111-001B,2025-05-01 18:43:55 UTC,1,"","","","","","",diagonal,1.0,"","","","",co-membership,1.0,"","","","","","","","","","","","","","",more,1.0,"","","","",Physics,1.0,"","",Actors,1.0,"","","","",Mutual,1.0,Subset,1.0,"","",Edges,1.0,"","",outdegree,1.0,"","","","","","",Incident,1.0,Adjacent,1.0,"","","","","","","","",weakly,1.0,semitpath,1.0,"","","","","","","","","","","","","","",Being in the same class,1.0,"","",Symmetric,1.0,"Antisymmetric, symmetric, asymmetric",1.0,"","","","","","","","","","","","","","","","",Active network,1.0,"","","","",connected,1.0,"","",vertices,1.0,"","","","","","","","","","",the columns not the rows,1.0,"","","","","","","","","","",group overlap,1.0,"","","","","","","","","","",Frequency of activation,0.0,"","","","","","","","",Geology,1.0,"","","","",Neighborhood,1.0,"","","edges, edge-deleted",0.0,Vertices,1.0,Vertex,1.0,Empirical,1.0,"","",Length,1.0,"","","","",Giving advice,1.0,Interaction,1.0,"","",Asymmetric,1.0,Asymmetric,1.0,Interaction,1.0,"","",Support clique,1.0,4-5 people,1.0,disconnected,1.0,Geodesic Distance,1.0,"","","","",Betweenness,1.0,"","",all the other answers are correct,1.0,closeness,1.0,Degree centrality,1.0,n x n,1.0,"","",group overlap,1.0,"","",Intimacy,1.0,"","","","","","","","","","","","",Carrier,1.0,An Edge,1.0,Null,1.0,"","","","","","",semitpath,1.0,Origin,1.0,cycle,0.0,mutually,1.0,Three,1.0,"","","","","","","","","","",Symmetric,1.0,"","","","","","","","","","","","",Closeness centrality,1.0,edges,0.0,"","",star,1.0,"","","","",affiliation,1.0,affiliation,1.0,"","",active network,1.0,"","","","",Analysis,0.0,"","","","",12-15 people,1.0,"","","","",Betweenness centrality,0.0,"","","","",two sets of vertices and one set of edges,1.0,disjoint,1.0,"","","","","","","","",Intersection,1.0,strongly,0.0,diameter,1.0,"","",Affinity group,1.0,connected,1.0,"","","","","","",disconnected,1.0,"","","","",diagonal,1.0,weak,1.0,"","","","",Tie,1.0,"","",Symmetric,1.0,"","","","","","",68,7,68.0
"STARK, DANIELLE",194970,205901584,25S-SOCIOL-111-LAB-1C,212555,25S-SOCIOL-0111-001C,2025-05-01 17:55:55 UTC,1,"","",group overlap,0.0,"","","","","","","","","","","","","","","","","","","","","","","","","","",Communication,1.0,"","","","","","",Actors,1.0,"","",Asymmetric,1.0,Asymmetric,0.0,Subset,1.0,"","","","","","",outdegree,1.0,"","",empty,1.0,"","","","",Adjacent,1.0,"","",Adjacent,1.0,"","",eccentricity,1.0,weakly,1.0,semitpath,1.0,"","","","",Geodesic Distance,1.0,"","","","",weakly,1.0,Similarity,1.0,"","",Asymmetric,1.0,"","","","","","","","",Symmetric,1.0,Antisymmetric,1.0,Antisymmetric,1.0,Sympathy group,1.0,"","","","",Active network,1.0,"","",at least two components,1.0,"","",path,1.0,"","","","","","","","","","","","",the columns not the rows,1.0,Outdegree centrality,1.0,either rows or columns,1.0,"","","","",Betweenness centrality,1.0,"","","","","","",diagonal,0.0,"","","","","","","","","","",weak,1.0,"","",Geology,1.0,"","","source, destination",1.0,Neighborhood,1.0,"","","","","","",Vertex,1.0,Empirical,1.0,Isolate,1.0,"","",Inner,1.0,length,1.0,"","",Interaction,1.0,"","","","","","","","","","","","",4-5 people,1.0,disconnected,1.0,Geodesic Distance,1.0,"","",Indegree centrality,1.0,Betweenness,1.0,"","",all the other answers are correct,1.0,"","",Betweenness centrality,0.0,m x n,0.0,"","",co-membership,0.0,"","",Intimacy,1.0,"","","","",Theory,1.0,Schools,0.0,"","","","","","","","","","",Common neighbor,1.0,Isolates,1.0,"","",semitpath,1.0,"","","","","","","","","","","","",symmetric,1.0,"","","","","","","","",component,1.0,"","",edges,1.0,"","","","","","","","","","","","","","",bipartite,1.0,affiliation,1.0,"","","","","","","","",weak,1.0,"","","","",Role Relation,1.0,"","","","","","","","","","",the number of edges,1.0,two sets of vertices and one set of edges,1.0,"","",Frequency of activation,1.0,"","","","","","",Intersection,1.0,unilaterally,1.0,diameter,1.0,"","",Affinity group,1.0,"","","","","","",Being somebody’s boss,1.0,disconnected,1.0,"","",bipartite,1.0,"","","","",n = q,1.0,strength,1.0,"","","","",Symmetric,1.0,"","","","",45-50 people,0.0,67,8,67.0
"NAVABIAN, ELLIOT",200465,006458337,25S-SOCIOL-111-LAB-1C,212555,25S-SOCIOL-0111-001C,2025-05-01 17:34:58 UTC,1,"","","","","","",diagonal,1.0,"","",Scientists and the papers they write,1.0,co-membership,1.0,group overlap,1.0,co-membership,0.0,"","","","","","",Granovetter-transitivity,1.0,"","","","","","","","","","",The brain,1.0,"","",Indegree,1.0,Asymmetric,1.0,Mutual,1.0,Subset,1.0,"","","","",Degree,1.0,outdegree,1.0,"","",empty,1.0,"","",Incident,1.0,"","",Receiver,1.0,"","",maximum,1.0,"","",weakly,1.0,"","",cycles,1.0,Destination,1.0,"","","","",Cycle,1.0,weakly,1.0,"","",Being in the same class,1.0,"","",Symmetric,1.0,"","","","","","",Symmetric,1.0,"","",Asymmetric,0.0,Sympathy group,1.0,neocortex; group,0.0,"","","","",120-150 people,1.0,"","",connected,1.0,"","",vertices,1.0,connected,1.0,"","","","","","","","",the columns not the rows,1.0,"","","","","","","","","","",co-membership,0.0,m x p,1.0,"","","","","","","","",Duration,1.0,"","","","","","","","","","",People,1.0,"source, destination",1.0,Neighborhood,1.0,"","","edges, edge-deleted",0.0,"","",Vertex,1.0,"","",Isolate,1.0,Length,1.0,"","","","","","","","","","",Asymmetric,1.0,"","","","",Similarity,1.0,"","",4-5 people,1.0,"","","","",N - 1,1.0,"","",Betweenness,1.0,"","",all the other answers are correct,1.0,closeness,1.0,Degree centrality,1.0,"","","","",co-membership,0.0,"","","","","","","","",Theory,1.0,"","","","","","","","","","","","",Common neighbor,1.0,"","","","",semitpath,1.0,Inner,0.0,"","","","","","","","","","","","","","",Similarity,1.0,"","",Monetary,1.0,"","",subgraph,1.0,edges,1.0,"","","","","","","","",Betweenness centrality,1.0,star,1.0,"","","","","","","","","","","","","","",weak,1.0,"","","","",Role Relation,1.0,"","","","","","",Closeness centrality,1.0,co-membership,1.0,"","","","",disjoint,1.0,"","","","","","",Social,1.0,"","",unilaterally,1.0,"","",Role Relation,1.0,"","","","",All of these are properties of strong ties,1.0,"","","","",disconnected,1.0,"","","","","","","","","","",strength,1.0,Tie,1.0,"","",Symmetric,1.0,"","","","","","",68,7,68.0
"MCDONALD, JADE",93477,306107201,25S-SOCIOL-111-LAB-1A,212578,25S-SOCIOL-0111-001A,2025-05-01 16:46:09 UTC,1,it has two sum of degrees,1.0,"","",bipartite,1.0,"","",affiliation,1.0,"","","","",co-membership,0.0,co-membership,0.0,"","",strong,1.0,Density,1.0,"","","","","","","","","","","","",The brain,1.0,Actors,1.0,Indegree,1.0,"","","","",Subset,1.0,The empty set,1.0,"","","","","","",Union,1.0,"","",Nonadjacent,1.0,Incident,1.0,"","","","",Adjacent,1.0,maximum,1.0,"","","","",semicycle,0.0,"","","","","","",strongly,1.0,Cycle,1.0,"","","","","","","","","","","Asymmetric, symmetric, antisymmetric",0.0,"","","","","","",Asymmetric,0.0,"","","","",neocortex; group,0.0,"","",Active network,1.0,120-150 people,1.0,"","",connected,1.0,"","","","","","",Harmonic,1.0,"","","","","","","","","","","","","","",Outdegree,1.0,"","","","",m x p,1.0,column,1.0,"","","","","","","","","","","","","","",strongly,1.0,"","",Advice,0.0,"source, destination",1.0,"","",adjacent,1.0,"vertices, edge-deleted",0.0,Vertices,1.0,Vertex,1.0,Empirical,1.0,"","","","","","",length,1.0,"","","","","","",Reciprocal,0.0,"","","","",Interaction,0.0,"","","","","","","","","","",Indegree centrality,1.0,"","","","",all the other answers are correct,1.0,closeness,1.0,Degree centrality,1.0,"","","","","","",off-diagonal,1.0,"","","","","","",Analysis,0.0,"","",Relations,0.0,"","","","","","","","","","",Isolates,1.0,Transmitter,1.0,"","",Origin,1.0,cycle,0.0,mutually,1.0,Three,1.0,Asymmetric,1.0,"","",symmetric,1.0,"","","","","","","","",component,1.0,"","","","","","",Closeness centrality,1.0,"","","","",Betweenness centrality,1.0,star,1.0,"","",bipartite,1.0,"","","","","","","","","","","","","","",Asymmetric,1.0,"","",12-15 people,1.0,giant component,1.0,path,1.0,Closeness centrality,1.0,co-membership,1.0,"","","","","","",Frequency of activation,1.0,theory of structural holes,0.0,"","","","","","","","",diameter,1.0,Role Relation,1.0,"","","","","","","","",Being somebody’s boss,1.0,disconnected,1.0,"","","","","","","","","","","","","","","","",Symmetric,1.0,"","","","",12-15 people,1.0,61,14,61.0
"MANSOURY, BRIAN",200719,206458341,25S-SOCIOL-111-LAB-1F,212585,25S-SOCIOL-0111-001F,2025-05-01 16:44:43 UTC,1,"","",co-membership,1.0,"","","","","","","","","","",co-membership,0.0,"","",People and the friends they have,1.0,"","","","","","","","","","","","",Astrological,1.0,Physics,1.0,"","","","",Degree,0.0,Asymmetric,1.0,"","",Subset,1.0,The empty set,1.0,Edges,1.0,"","",outdegree,1.0,"","","","","","","","",Adjacent,1.0,Receiver,1.0,"","",maximum,1.0,eccentricity,1.0,weakly,1.0,semitpath,1.0,"","","","",Geodesic Distance,1.0,"","","","",weakly,1.0,"","","","","","","","","","","","",Symmetric,1.0,"","","","",Antisymmetric,1.0,Sympathy group,1.0,neocortex; group,0.0,"","",Active network,1.0,"","","","",connected,1.0,path,1.0,"","","","","","","","","","",the rows not the columns,1.0,the columns not the rows,1.0,"","","","",All of the other answers are correct,1.0,"","","","","","",m x p,1.0,"","","","","","","","",Duration,1.0,"","",simmelian,1.0,"","","","","","","","","source, destination",1.0,Neighborhood,1.0,adjacent,1.0,"edges, edge-deleted",0.0,"","","","","","","","","","","","",length,1.0,"","",Interaction,1.0,Antisymmetric,1.0,"","",Asymmetric,1.0,"","",Similarity,1.0,"","","","","","","","",N - 1,1.0,Indegree centrality,1.0,"","","","",Degree centrality,0.0,"","","","","","","","","","",off-diagonal,1.0,Intimacy,1.0,"","","","",Theory,1.0,"","","","","","","","","","",Null,1.0,"","",Isolates,1.0,Transmitter,1.0,"","",Origin,1.0,"","","","",Three,1.0,"","",Asymmetric,1.0,symmetric,1.0,"","","","",Symmetric,1.0,Monetary,1.0,"","",subgraph,1.0,edges,1.0,"","","","",Closeness centrality,1.0,edges,0.0,"","","","",row,1.0,"","","","","","","","","","","","","","",Measurement,1.0,"","",Role Relation,1.0,12-15 people,1.0,giant component,1.0,"","","","",co-membership,1.0,"","",two sets of vertices and one set of edges,1.0,disjoint,1.0,Frequency of activation,1.0,"","",weak,1.0,"","","","",strongly,0.0,"","","","","","","","","","","","","","",disconnected,1.0,Weakly Connected,1.0,bipartite,1.0,"","","","","","","","",Tie,1.0,"","","","","","","","","","",68,7,68.0
"WATKINS, DAISA",22303,505651828,25S-SOCIOL-111-LAB-1A,212578,25S-SOCIOL-0111-001A,2025-05-01 16:40:48 UTC,1,"","","","","","","","","","","","","","","","","","","","","","",Density,1.0,Granovetter-transitivity,1.0,"","","","","","","","",Physics,1.0,"","",Actors,1.0,"","","","",Mutual,1.0,"","",The empty set,1.0,Edges,1.0,Degree,1.0,degree,0.0,Intersection,0.0,empty,1.0,"","","","","","",Receiver,1.0,Adjacent,1.0,maximum,1.0,eccentricity,1.0,strongly,0.0,"","","","","","",Geodesic Distance,1.0,"","","","",weakly,1.0,"","","","","","","","","","","","","","","","",Antisymmetric,1.0,"","","","",neocortex; group,0.0,"","",Active network,1.0,"","","","",connected,1.0,"","","","","","",Harmonic,1.0,"","",N-1,0.0,"","",the columns not the rows,1.0,"","","","","","","","",Betweenness centrality,1.0,group overlap,1.0,"","",total,0.0,"","","","",both people and groups,0.0,"","",weak,1.0,simmelian,1.0,"","","","",Geology,1.0,"","","source, destination",1.0,Neighborhood,1.0,adjacent,1.0,"edges, edge-deleted",0.0,"","",Vertex,1.0,"","","","","","","","",length,1.0,"","","","",Antisymmetric,1.0,Reciprocal,0.0,Symmetric,0.0,"","",Interaction,0.0,"","","","",disconnected,1.0,"","","","","","","","",Indegree,1.0,Degree centrality,0.0,"","","","","","","","","","",diagonal,0.0,"","","","","","","","",Tik Tok,1.0,"","","","","","",An Edge,1.0,"","","","","","","","",semitpath,1.0,Origin,1.0,semipath,0.0,"","","","","","",Nonreciprocal,0.0,"","",Symmetric,1.0,Similarity,1.0,Symmetric,1.0,Monetary,1.0,"","","","","","",Betweenness centrality,0.0,"","",Closeness centrality,1.0,"","",Betweenness centrality,1.0,"","",column,0.0,"","","","",affiliation,1.0,the transpose,1.0,"","","","","","","","","","","","","","",giant component,1.0,edge,0.0,"","","","",the number of nodes,0.0,two sets of vertices and one set of edges,1.0,overlapping,0.0,Frequency of activation,1.0,"","","","","","","","","","",diameter,1.0,Symmetric Tie,0.0,Affinity group,1.0,"","","","",Astrophysics,1.0,"","",disconnected,1.0,Weakly Connected,1.0,"","","","","","","","","","","","","","","","","","","","",12-15 people,1.0,54,21,54.0
"SHIMAMURA, HITOMI",197946,406393725,25S-SOCIOL-111-LAB-1B,212554,25S-SOCIOL-0111-001B,2025-05-01 16:23:03 UTC,1,"","",co-membership,1.0,"","","","",affiliation,1.0,"","","","","","","","","","","","","","","","","","","","","","","","",Physics,1.0,The brain,1.0,"","","","","","",Mutual,1.0,Subset,1.0,The empty set,1.0,"","",Degree,1.0,outdegree,1.0,"","","","","","",Incident,1.0,Adjacent,1.0,"","","","","","",eccentricity,1.0,"","","","",cycles,1.0,"","",Geodesic Distance,1.0,strongly,1.0,Cycle,1.0,weakly,1.0,Similarity,1.0,Being in the same class,1.0,Asymmetric,1.0,"","","","","","","","",Symmetric,1.0,"","","","",Support clique,0.0,"","","","",Active network,1.0,"","","","","","","","",vertices,1.0,"","","","","","","","","","",the columns not the rows,1.0,"","","","","","",Outdegree,1.0,"","",group overlap,1.0,"","","","","","",m x m,1.0,"","","","",weak,1.0,simmelian,1.0,"","","","","","","","","source, destination",1.0,Neighborhood,1.0,"","","","","","",Vertex,1.0,Empirical,1.0,Isolate,1.0,"","",Inner,1.0,"","",Being somebody’s boss,0.0,"","",Antisymmetric,1.0,Asymmetric,1.0,"","","","",Similarity,1.0,"","",4-5 people,1.0,disconnected,1.0,Geodesic Distance,1.0,"","","","","","","","","","","","",Degree centrality,1.0,"","",people,1.0,co-membership,0.0,"","","","","","",novel,1.0,Theory,1.0,Tik Tok,1.0,"","",Schools,1.0,"","","","",Empty,0.0,Common neighbor,1.0,"","","","",semitpath,1.0,"","",semicycle,1.0,"","",Three,1.0,"","","","",symmetric,1.0,"","","","",Symmetric,1.0,"","",component,1.0,"","","","",Degree centrality,1.0,Closeness centrality,1.0,Closeness centrality,1.0,"","",Betweenness centrality,1.0,star,1.0,row,1.0,"","",affiliation,1.0,"","","","","","",Granovetter-transitivity,1.0,"","","","","","","","",45-50 people,0.0,giant component,1.0,"","","","","","","","",two sets of vertices and two sets of edges,0.0,"","","","","","","","","","",Intersection,1.0,"","","","","","","","",connected,1.0,"","","","","","","","",Bipartite,0.0,"","",diagonal,1.0,weak,1.0,"","","","","","","","","","","","","","",12-15 people,1.0,68,7,68.0
"IM, SUHYUN",129769,806066340,25S-SOCIOL-111-LAB-1A,212578,25S-SOCIOL-0111-001A,2025-04-30 22:14:01 UTC,1,"","","","","","","","",affiliation,1.0,Scientists and the papers they write,1.0,"","","","","","","","","","",Density,1.0,"","","","","","",Communication,1.0,"","","","","","",Actors,1.0,"","","","","","","","","","",Edges,1.0,"","","","","","","","",Nonadjacent,1.0,Incident,1.0,Adjacent,1.0,Receiver,1.0,Adjacent,1.0,"","",eccentricity,1.0,weakly,1.0,"","",cycles,1.0,Destination,1.0,"","",strongly,1.0,Cycle,1.0,"","",Similarity,1.0,"","","","","","","","",Interaction,1.0,"","","","",Antisymmetric,1.0,"","","","","","","","","","",120-150 people,1.0,at least two components,1.0,"","","","","","",connected,1.0,"","","","","","","","","","","","","","","","","","","","","","",m x p,1.0,column,1.0,"","",m x m,1.0,groups,1.0,"","","","","","","","","","",Geology,1.0,"","","source, destination",1.0,Neighborhood,1.0,adjacent,1.0,"","","","",Vertex,1.0,Empirical,1.0,Isolate,1.0,"","",Inner,1.0,length,1.0,"","",Interaction,1.0,Antisymmetric,1.0,Asymmetric,1.0,"","","","","","",Support clique,1.0,4-5 people,1.0,"","","","",N - 1,1.0,Indegree centrality,1.0,Betweenness,1.0,Indegree,1.0,"","",closeness,1.0,Degree centrality,1.0,"","",people,1.0,"","","","",Intimacy,1.0,"","","","",Theory,1.0,"","","","","","","","","","",Null,1.0,"","",Isolates,1.0,"","","","","","",semicycle,1.0,"","",Three,1.0,Asymmetric,1.0,"","",symmetric,1.0,"","","","",Symmetric,1.0,Monetary,1.0,"","",subgraph,1.0,"","","","","","",Closeness centrality,1.0,nodes,1.0,"","","","","","","","","","",affiliation,1.0,"","",active network,1.0,"","","","",Measurement,1.0,"","","","","","",giant component,1.0,path,1.0,Closeness centrality,1.0,"","",the number of edges,1.0,"","","","","","",weak tie principle,1.0,"","","","",Intersection,1.0,"","","","","","","","","","",All of these are properties of strong ties,1.0,"","","","","","",Weakly Connected,1.0,bipartite,1.0,"","","","","","","","","","","","",Symmetric,1.0,"","","","",12-15 people,1.0,75,0,75.0
